Milliseconds,Seconds,Latitude,Lat Degree,Lat Minute,Lat Second,Longitude,Long Degree,Long Minute,Long Second,Altitude,Speed,AcclX,AcclY,AcclZ,GyroX,GyroY,GyroZ,Course,Heading
0,0,49.2434253,49,14,36.33108,-121.8875131,-121,-53,-15.04716,674.266,0.332,6.563549161,3.913669065,4.050359712,-0.102236422,-1.040468584,0.932907348,40.4,39.4
1061,1,49.2434262,49,14,36.33432,-121.8875142,-121,-53,-15.05112,674.284,0.288,5.230215827,3.176258993,7.082733813,-0.042598509,0.320553781,-0.153354633,45,42
2122,2,49.2434255,49,14,36.3318,-121.8875139,-121,-53,-15.05004,674.32,0.144,3.896882494,2.438848921,10.11510791,-0.493077742,-0.490947817,0.013844515,41.7,43.7
3024,3,49.2434266,49,14,36.33576,-121.887516,-121,-53,-15.0576,674.405,0.364,4.167865707,1.352517986,10.21822542,-0.299254526,0.01171459,-0.072417465,45.7,47.7
4015,4,49.2434252,49,14,36.33072,-121.8875204,-121,-53,-15.07344,674.514,0.285,9.112709832,-0.290167866,2.793764988,0.086261981,-0.03514377,-0.055378062,40.8,39.8
5005,5,49.2434241,49,14,36.32676,-121.8875196,-121,-53,-15.07056,674.634,0.13,9.129496403,-1.184652278,3.019184652,0.273695421,-0.135250266,0.155484558,42.5,43.5
6050,6,49.2434224,49,14,36.32064,-121.8875194,-121,-53,-15.06984,674.742,0.269,9.374100719,-3.60911271,1.779376499,0.341853035,0.143769968,0.085197018,39.5,40.5
7040,7,49.2434168,49,14,36.30048,-121.8875224,-121,-53,-15.08064,674.691,0.508,9.709832134,0.263788969,-0.143884892,-2.961661342,-1.350372737,-1.037273695,45.7,47.7
8041,8,49.2434149,49,14,36.29364,-121.8875162,-121,-53,-15.05832,674.541,0.502,5.199040767,0.748201439,8.779376499,0.074547391,-0.045793397,0.051118211,42.7,42.7
9004,9,49.2434144,49,14,36.29184,-121.8875193,-121,-53,-15.06948,674.484,0.054,9.081534772,-1.1558753,3.525179856,-0.997870075,0.111821086,-0.440894569,43.9,44.9
10010,10,49.2434143,49,14,36.29148,-121.8875209,-121,-53,-15.07524,674.078,0.159,8.534772182,-1.057553957,4.983213429,0.177848775,-0.030883919,0.107561235,40,39
11000,11,49.2434162,49,14,36.29832,-121.8875261,-121,-53,-15.09396,673.735,0.406,9.477218225,-0.925659472,2.165467626,0.072417465,0.004259851,-0.03514377,44.3,46.3
12045,12,49.2434195,49,14,36.3102,-121.8875295,-121,-53,-15.1062,673.094,0.275,9.405275779,-1.057553957,2.517985612,1.177848775,-0.036208733,0.242811502,45.2,48.2
13046,13,49.2434214,49,14,36.31704,-121.887534,-121,-53,-15.1224,672.673,0.358,9.508393285,-0.119904077,2.338129496,0.096911608,0.014909478,-0.15228967,39.3,42.3
14009,14,49.2434216,49,14,36.31776,-121.8875344,-121,-53,-15.12384,672.433,0.266,9.757793765,0.402877698,1.273381295,-0.599574015,-0.083067093,-0.303514377,43.5,42.5
15054,15,49.2434195,49,14,36.3102,-121.887536,-121,-53,-15.1296,671.848,0.039,9.081534772,-0.057553957,3.362110312,-0.063897764,0.066027689,0.033013845,39.8,39.8
16020,16,49.2434188,49,14,36.30768,-121.887538,-121,-53,-15.1368,671.617,0.22,9.460431655,-0.503597122,2.146282974,0.207667732,-0.017039404,0.089456869,43.4,40.4
17009,17,49.2434186,49,14,36.30696,-121.8875336,-121,-53,-15.12096,671.668,0.065,9.57793765,-0.438848921,1.784172662,0.019169329,0.075612354,0.134185304,42.3,43.3
18040,18,49.2434225,49,14,36.321,-121.8875352,-121,-53,-15.12672,671.18,0.323,9.270983213,-1.045563549,3.12470024,0.272630458,-0.052183174,0.102236422,41.5,39.5
19014,19,49.243423,49,14,36.3228,-121.887534,-121,-53,-15.1224,670.861,0.106,9.441247002,-0.856115108,2.153477218,0.713525027,-0.335463259,0.333333333,43.7,45.7
20020,20,49.2434207,49,14,36.31452,-121.8875342,-121,-53,-15.12312,670.691,0.163,9.338129496,0.019184652,1.48441247,-1.243876464,0.034078807,-0.413205538,45.8,46.8
21010,21,49.2434216,49,14,36.31776,-121.8875322,-121,-53,-15.11592,671.006,0.159,9.314148681,-0.393285372,3.163069544,0.218317359,0.088391906,0.200212993,43.5,40.5
22014,22,49.2434256,49,14,36.33216,-121.8875356,-121,-53,-15.12816,670.393,0.362,9.522781775,-1.141486811,2.517985612,0.076677316,0.009584665,0.05857295,43.9,41.9
23029,23,49.2434259,49,14,36.33324,-121.8875343,-121,-53,-15.12348,669.992,0.256,9.551558753,-1.074340528,2.3117506,-0.002129925,0.002129925,-0.030883919,41.3,44.3
24035,24,49.2434274,49,14,36.33864,-121.8875315,-121,-53,-15.1134,670.892,0.211,9.458033573,-0.942446043,2.410071942,0.048988285,-0.015974441,0.002129925,45.2,47.2
25025,25,49.243426,49,14,36.3336,-121.8875279,-121,-53,-15.10044,671.41,0.223,9.472422062,-0.731414868,2.388489209,0.212992545,-0.07028754,0.080937167,40.5,38.5
26015,26,49.2434233,49,14,36.32388,-121.8875251,-121,-53,-15.09036,671.363,0.401,9.774580336,0.064748201,1.287769784,-0.746538871,0.1171459,-0.204472843,42,40
27005,27,49.2434232,49,14,36.32352,-121.8875237,-121,-53,-15.08532,671.246,0.052,9.270983213,-0.398081535,3.395683453,0.219382322,-0.015974441,0.063897764,42.8,40.8
28009,28,49.2434232,49,14,36.32352,-121.8875286,-121,-53,-15.10296,671.042,0.414,9.350119904,-0.592326139,2.836930456,-1.930777423,-0.947816826,-0.6485623,43.7,43.7
29024,29,49.2434232,49,14,36.32352,-121.8875224,-121,-53,-15.08064,671.119,0.429,7.769784173,0.426858513,7.107913669,0.033013845,0.069222577,0.001064963,41.2,42.2
30030,30,49.2434221,49,14,36.31956,-121.8875204,-121,-53,-15.07344,671.237,0.121,9.635491607,1.057553957,1.105515588,-0.271565495,0.110756124,-0.026624068,41.6,38.6
31020,31,49.243424,49,14,36.3264,-121.887518,-121,-53,-15.0648,672.039,0.089,9.621103118,0.026378897,2.251798561,0.036208733,0.007454739,0.060702875,43.7,43.7
32024,32,49.2434225,49,14,36.321,-121.8875161,-121,-53,-15.05796,672.803,0.093,9.64028777,-0.196642686,1.76498801,0.019169329,-0.020234292,-0.001064963,46,49
33039,33,49.2434246,49,14,36.32856,-121.887517,-121,-53,-15.0612,672.569,0.098,9.606714628,-0.177458034,2.117505995,-0.038338658,-0.007454739,0.056443024,42.8,43.8
34045,34,49.2434258,49,14,36.33288,-121.8875162,-121,-53,-15.05832,672.754,0.03,9.630695444,-0.083932854,2.208633094,-0.034078807,0.010649627,0.008519702,43,41
35035,35,49.2434272,49,14,36.33792,-121.8875148,-121,-53,-15.05328,672.791,0.143,9.496402878,-0.42206235,2.407673861,-0.001064963,-0.129925453,-0.048988285,40.3,43.3
36025,36,49.2434261,49,14,36.33396,-121.887513,-121,-53,-15.0468,673.405,0.042,9.721822542,0.273381295,1.069544365,-5.059637913,-0.220447284,-0.509052183,41.2,41.2
37014,37,49.2434272,49,14,36.33792,-121.8875111,-121,-53,-15.03996,673.404,0.209,9.776978417,-0.268585132,1.949640288,3.149094782,0.298189563,0.75399361,41.6,39.6
38020,38,49.2434279,49,14,36.34044,-121.8875103,-121,-53,-15.03708,673.675,0.256,9.369304556,-0.244604317,3.709832134,-0.182108626,-0.019169329,-0.069222577,41.6,42.6
39034,39,49.2434284,49,14,36.34224,-121.887509,-121,-53,-15.0324,674.088,0.316,9.290167866,-0.088729017,2.940047962,0.125665602,-0.036208733,0.073482428,41.2,43.2
40040,40,49.2434254,49,14,36.33144,-121.8875102,-121,-53,-15.03672,673.914,0.46,9.419664269,-0.474820144,2.772182254,0.12886049,-0.300319489,-0.249201278,40.7,40.7
41030,41,49.2434188,49,14,36.30768,-121.8875162,-121,-53,-15.05832,673.111,0.409,8.314148681,0,3.604316547,0.005324814,-0.190628328,-0.129925453,39.6,42.6
42020,42,49.2434185,49,14,36.3066,-121.887526,-121,-53,-15.0936,673.495,0.699,8.947242206,0.366906475,0.635491607,0.012779553,0.083067093,-0.061767838,43.9,40.9
43024,43,49.2434135,49,14,36.2886,-121.8875296,-121,-53,-15.10656,673.276,0.376,9.565947242,0.949640288,1.976019185,-0.441959531,0.057507987,0.033013845,41.4,41.4
44039,44,49.2434112,49,14,36.28032,-121.8875258,-121,-53,-15.09288,673.374,0.388,9.290167866,1.604316547,1.872901679,-0.127795527,0.045793397,-0.001064963,41.5,41.5
45045,45,49.2434138,49,14,36.28968,-121.8875284,-121,-53,-15.10224,673.022,0.293,9.705035971,0.944844125,3.047961631,-0.002129925,0.015974441,0.056443024,42.2,40.2
46035,46,49.2434126,49,14,36.28536,-121.8875298,-121,-53,-15.10728,672.928,0.084,9.491606715,-0.21822542,2.350119904,0.008519702,0.001064963,-0.01171459,45,43
47025,47,49.2434116,49,14,36.28176,-121.8875282,-121,-53,-15.10152,673.106,0.159,9.482014388,-0.107913669,2.788968825,0.017039404,-0.009584665,0.027689031,41.1,44.1
48014,48,49.2434105,49,14,36.2778,-121.8875295,-121,-53,-15.1062,673.114,0.184,9.633093525,-0.270983213,2.345323741,0.067092652,0.006389776,0.086261981,39.8,42.8
49005,49,49.2434094,49,14,36.27384,-121.8875274,-121,-53,-15.09864,673.768,0.056,9.431654676,-0.194244604,2.589928058,0.069222577,-0.027689031,0.038338658,45.8,45.8
50050,50,49.2434065,49,14,36.2634,-121.887533,-121,-53,-15.1188,672.98,0.366,9.42206235,0,2.446043165,-0.01171459,-0.002129925,0.009584665,40.1,39.1
51040,51,49.2434101,49,14,36.27636,-121.8875359,-121,-53,-15.12924,672.655,0.453,9.398081535,-0.1558753,2.587529976,-0.008519702,-0.021299255,0.020234292,44,47
52030,52,49.2434092,49,14,36.27312,-121.8875407,-121,-53,-15.14652,672.579,0.511,9.462829736,-0.268585132,2.393285372,-0.007454739,-0.001064963,0.029818956,42.7,41.7
53034,53,49.2434069,49,14,36.26484,-121.8875445,-121,-53,-15.1602,672.115,0.195,9.508393285,-0.004796163,2.553956835,0.003194888,0.004259851,0.024494143,41.1,39.1
54049,54,49.2434107,49,14,36.27852,-121.8875456,-121,-53,-15.16416,672.054,0.037,9.505995204,-0.323741007,2.592326139,0.003194888,-0.012779553,-0.006389776,43.6,43.6
55000,55,49.243415,49,14,36.294,-121.8875477,-121,-53,-15.17172,671.772,0.254,9.458033573,-0.199040767,2.618705036,-0.003194888,0.007454739,-0.003194888,42.9,40.9
56045,56,49.2434167,49,14,36.30012,-121.8875485,-121,-53,-15.1746,671.742,0.182,9.494004796,-0.287769784,2.786570743,0.029818956,0.009584665,0.001064963,43.5,46.5
57035,57,49.2434157,49,14,36.29652,-121.8875458,-121,-53,-15.16488,672.282,0.363,9.465227818,-0.083932854,2.755395683,0,-0.001064963,0.014909478,43,40
58024,58,49.243419,49,14,36.3084,-121.8875433,-121,-53,-15.15588,672.737,0.162,9.417266187,-0.103117506,2.618705036,0.440894569,-0.048988285,-0.118210863,42,39
59015,59,49.2434198,49,14,36.31128,-121.8875435,-121,-53,-15.1566,672.679,0.043,9.306954436,0.652278177,2.374100719,0.017039404,-0.025559105,0.003194888,44.3,47.3
60005,60,49.2434206,49,14,36.31416,-121.8875426,-121,-53,-15.15336,672.963,0.014,9.419664269,0.043165468,2.561151079,-0.034078807,-0.013844515,0.019169329,39.5,38.5
61050,61,49.2434208,49,14,36.31488,-121.8875416,-121,-53,-15.14976,673.165,0.035,9.486810552,-0.268585132,2.683453237,-0.009584665,-0.012779553,0.001064963,44,43
62040,62,49.2434239,49,14,36.32604,-121.8875426,-121,-53,-15.15336,672.84,0.234,9.436450839,-0.292565947,2.947242206,0.250266241,-0.015974441,-0.025559105,42,45
63044,63,49.2434276,49,14,36.33936,-121.8875434,-121,-53,-15.15624,672.817,0.293,9.944844125,1.923261391,1.635491607,0.033013845,0.603833866,-0.244941427,43.5,40.5
64001,64,49.2434237,49,14,36.32532,-121.8875471,-121,-53,-15.16956,672.529,0.382,9.189448441,2.517985612,4.369304556,0.129925453,0.047923323,0.015974441,39.3,42.3
65010,65,49.2434219,49,14,36.31884,-121.887545,-121,-53,-15.162,672.493,0.151,9.306954436,-0.8441247,3.052757794,0.027689031,0.017039404,-0.026624068,39.1,42.1
66000,66,49.2434216,49,14,36.31776,-121.8875449,-121,-53,-15.16164,672.325,0.261,9.51558753,0.127098321,2.726618705,0.003194888,0.014909478,0.02342918,44,45
67026,67,49.2434202,49,14,36.31272,-121.8875409,-121,-53,-15.14724,672.576,0.286,9.568345324,-0.110311751,2.148681055,2.170394036,0.097976571,0.29286475,45.4,48.4
68014,68,49.2434238,49,14,36.32568,-121.8875405,-121,-53,-15.1458,672.63,0.173,9.647482014,0.513189448,3.606714628,0.034078807,-0.029818956,0.040468584,45,46
69006,69,49.2434235,49,14,36.3246,-121.8875387,-121,-53,-15.13932,672.237,0.225,9.354916067,0.23501199,2.505995204,0.074547391,-0.031948882,0.007454739,44,44
70015,70,49.2434235,49,14,36.3246,-121.8875435,-121,-53,-15.1566,671.313,0.213,9.458033573,0.189448441,2.652278177,0.207667732,0.003194888,0.010649627,39.7,41.7
71005,71,49.2434247,49,14,36.32892,-121.8875436,-121,-53,-15.15696,670.985,0.138,9.537170264,0.182254197,2.649880096,0.083067093,0.088391906,0,41.4,42.4
72050,72,49.2434217,49,14,36.31812,-121.8875474,-121,-53,-15.17064,671.133,0.826,7.911270983,1.944844125,0.743405276,0.194888179,-0.755058573,0.18743344,45.3,48.3
73002,73,49.2434149,49,14,36.29364,-121.8875574,-121,-53,-15.20664,670.768,0.726,9.383693046,-1.657074341,-3.513189448,-0.056443024,-0.455804047,0.090521832,45.8,45.8
74011,74,49.2434171,49,14,36.30156,-121.8875545,-121,-53,-15.1962,670.894,0.399,8.414868106,-0.3117506,-5.232613909,1.958466454,-0.075612354,-1.891373802,72.1,75.1
75020,75,49.243416,49,14,36.2976,-121.8875455,-121,-53,-15.1638,671.293,0.656,5.525179856,-6.64028777,-3.896882494,0.447284345,1.661341853,-0.045793397,91,89
76010,76,49.2434118,49,14,36.28248,-121.8875433,-121,-53,-15.15588,671.377,0.678,11.85371703,-1.729016787,9.254196643,-0.371671991,-0.177848775,0.254526092,215.4,215.4
77000,77,49.2433991,49,14,36.23676,-121.8875655,-121,-53,-15.2358,670.419,2.237,4.434052758,-5.618705036,4.364508393,0.112886049,-0.526091587,0.562300319,210.9,207.9
78045,78,49.2433728,49,14,36.14208,-121.8876055,-121,-53,-15.3798,669.365,3.781,3.513189448,-4.129496403,3.194244604,0.323748669,-0.769968051,0.106496273,208.3,211.3
79034,79,49.2433428,49,14,36.03408,-121.8876498,-121,-53,-15.53928,668.008,4.514,6.762589928,-6.498800959,2.561151079,0.343982961,0.443024494,-0.197018104,217.8,217.8
80025,80,49.2433064,49,14,35.90304,-121.8877097,-121,-53,-15.75492,665.957,5.923,5.100719424,-0.477218225,8.932853717,0.121405751,0.071352503,-0.267305644,212,212
81015,81,49.2432644,49,14,35.75184,-121.8877831,-121,-53,-16.01916,663.352,6.883,12.84652278,-3.172661871,2.901678657,-0.341853035,0.020234292,-0.129925453,217,220
82005,82,49.2432216,49,14,35.59776,-121.887875,-121,-53,-16.35,662.332,8.048,8.088729017,0.820143885,4.8441247,0.101171459,-0.005324814,0.077742279,208.7,210.7
83012,83,49.243177,49,14,35.4372,-121.8879758,-121,-53,-16.71288,661.017,8.347,9.932853717,1.227817746,0.467625899,-0.722044728,-0.088391906,-0.197018104,211.5,214.5
84021,84,49.2431312,49,14,35.27232,-121.888073,-121,-53,-17.0628,660.076,8.683,10.07673861,1.136690647,3.486810552,0.061767838,-0.193823216,0.039403621,214,211
85030,85,49.2430834,49,14,35.10024,-121.8881715,-121,-53,-17.4174,659.383,8.782,10.62829736,-0.316546763,3.709832134,-0.020234292,-0.080937167,-0.104366347,212.2,212.2
86020,86,49.2430422,49,14,34.95192,-121.8882708,-121,-53,-17.77488,659.856,8.254,10.54916067,-1.299760192,3.023980815,0.204472843,0.101171459,0.348242812,212,211
87010,87,49.2430346,49,14,34.92456,-121.8883782,-121,-53,-18.16152,661.222,8.082,9.685851319,-0.079136691,0.076738609,0.066027689,0.141640043,0.312034079,217.7,218.7
88017,88,49.2430186,49,14,34.86696,-121.8884923,-121,-53,-18.57228,662.319,7.836,8.388489209,-1.050359712,8.669064748,0.020234292,0.268370607,-0.040468584,212.4,209.4
89045,89,49.2430081,49,14,34.82916,-121.8885813,-121,-53,-18.89268,663.226,5.774,6.227817746,-0.462829736,4.333333333,0.273695421,0.236421725,0.095846645,211.4,208.4
90016,90,49.2430064,49,14,34.82304,-121.8886318,-121,-53,-19.07448,661.674,4.136,7.700239808,1.712230216,-1.304556355,0.309904153,-0.340788072,0.034078807,210.9,210.9
91025,91,49.2429832,49,14,34.73952,-121.8886955,-121,-53,-19.3038,658.776,5.557,9.659472422,-1.035971223,1.486810552,-1.056443024,0.272630458,-0.297124601,210.1,211.1
92015,92,49.2429522,49,14,34.62792,-121.8887852,-121,-53,-19.62672,655.273,8.067,11.99280576,-1.258992806,0.004796163,0.127795527,-0.361022364,0.18743344,214.7,211.7
93022,93,49.2429094,49,14,34.47384,-121.8889125,-121,-53,-20.085,653.34,10.101,12.27098321,0.105515588,2.817745803,-0.079872204,0.036208733,0.218317359,214.2,216.2
94031,94,49.242868,49,14,34.3248,-121.8890342,-121,-53,-20.52312,653.046,9.665,9.810551559,0.87529976,4.29736211,-0.136315229,-0.792332268,-0.272630458,211.7,213.7
95040,95,49.2428274,49,14,34.17864,-121.8891193,-121,-53,-20.82948,653.975,7.155,8.894484412,-0.79616307,2.345323741,-0.810436635,0.673056443,-0.013844515,220.4,222.4
96030,96,49.2427901,49,14,34.04436,-121.8891783,-121,-53,-21.04188,654.06,5.983,7.839328537,1.371702638,-1.851318945,-0.112886049,1.80085197,-0.711395101,210,211
97020,97,49.2427555,49,14,33.9198,-121.8892364,-121,-53,-21.25104,652.822,5.815,7.410071942,-3.966426859,1.052757794,0.686900958,0.995740149,-0.115015974,211.4,208.4
98027,98,49.2427193,49,14,33.78948,-121.8893066,-121,-53,-21.50376,650.567,6.368,8.793764988,0.664268585,2.918465228,-0.08200213,-0.579339723,-0.088391906,208.6,208.6
99036,99,49.2426803,49,14,33.64908,-121.8893869,-121,-53,-21.79284,648.369,7.43,10.12470024,1.678657074,1.501199041,-1.807241747,0.126730564,-0.092651757,209.6,208.6
100045,100,49.2426353,49,14,33.48708,-121.8894701,-121,-53,-22.09236,646.574,8.053,10.28776978,-1.206235012,0.949640288,3.32800852,0.73056443,0.340788072,218.4,216.4
101035,101,49.2425846,49,14,33.30456,-121.8895502,-121,-53,-22.38072,644.729,8.108,10.09352518,0.928057554,-1.96882494,-0.911608094,-0.041533546,-0.235356763,209.6,206.6
102025,102,49.2425349,49,14,33.12564,-121.8896254,-121,-53,-22.65144,643.49,7.702,9.338129496,-1.083932854,1.664268585,0.092651757,0.076677316,-0.041533546,215.6,218.6
103032,103,49.2424838,49,14,32.94168,-121.889706,-121,-53,-22.9416,642.11,7.875,9.208633094,-0.479616307,1.966426859,0.193823216,0.165069223,-0.033013845,209,207
104005,104,49.2424429,49,14,32.79444,-121.8897834,-121,-53,-23.22024,640.39,7.332,8.541966427,0.019184652,0.932853717,0.102236422,0.146964856,0.486687966,215.3,215.3
105031,105,49.2424011,49,14,32.64396,-121.8898605,-121,-53,-23.4978,637.07,7.706,9.467625899,-0.016786571,0.70263789,-0.120340788,0.01171459,-0.177848775,218,221
106040,106,49.2423482,49,14,32.45352,-121.8899506,-121,-53,-23.82216,633.781,8.828,10.43405276,0.916067146,2.362110312,0.036208733,0.037273695,0.055378062,210.3,213.3
107030,107,49.2422877,49,14,32.23572,-121.8900425,-121,-53,-24.153,630.925,9.818,10.3764988,0.676258993,3.143884892,0.019169329,-0.12886049,-0.048988285,210.7,211.7
108037,108,49.2422221,49,14,31.99956,-121.8901514,-121,-53,-24.54504,629.579,10.232,10,-0.175059952,3.163069544,-0.007454739,-0.138445154,0.095846645,222.6,224.6
109046,109,49.2421674,49,14,31.80264,-121.8902634,-121,-53,-24.94824,628.752,10.205,9.659472422,0.705035971,2.860911271,-0.028753994,0.124600639,0.060702875,220.5,217.5
110000,110,49.242121,49,14,31.6356,-121.8903637,-121,-53,-25.30932,628.876,9.443,7.870503597,0.177458034,6.70263789,0.305644302,-0.018104366,-0.195953142,216,216
111045,111,49.2420758,49,14,31.47288,-121.890465,-121,-53,-25.674,628.262,8.29,8.918465228,-0.23501199,2.007194245,0.121405751,0.004259851,0.192758253,222.4,219.4
112035,112,49.2420368,49,14,31.33248,-121.8905498,-121,-53,-25.97928,627.582,7.549,9,0.745803357,2.26618705,0.132055378,0.001064963,-0.038338658,220.1,217.1
113042,113,49.2419958,49,14,31.18488,-121.8906377,-121,-53,-26.29572,626.464,7.557,9.616306954,0.472422062,2.016786571,-0.066027689,-0.160809372,0.051118211,210.2,211.2
114015,114,49.2419514,49,14,31.02504,-121.8907269,-121,-53,-26.61684,625.722,8.211,9.201438849,1.482014388,1.860911271,0.047923323,0.188498403,0.348242812,221.2,219.2
115041,115,49.2419061,49,14,30.86196,-121.890823,-121,-53,-26.9628,624.678,8.584,10.92326139,-0.42206235,2.865707434,-0.109691161,-0.118210863,-0.022364217,219.8,216.8
116050,116,49.2418589,49,14,30.69204,-121.8909192,-121,-53,-27.30912,624.061,8.722,10.4940048,0.786570743,2.362110312,-0.013844515,-0.01171459,0.01171459,219.8,218.8
117040,117,49.241812,49,14,30.5232,-121.8910194,-121,-53,-27.66984,624.112,9.079,12.55155875,-0.007194245,-0.896882494,0.102236422,-0.12886049,0.090521832,211.3,213.3
118047,118,49.2417626,49,14,30.34536,-121.8911264,-121,-53,-28.05504,624.862,8.876,9.309352518,0.798561151,3.016786571,0.248136315,0.301384452,-0.29286475,217.4,217.4
119020,119,49.2417277,49,14,30.21972,-121.8912035,-121,-53,-28.3326,625.947,6.759,8.357314149,0.71942446,1.942446043,-0.376996805,-0.353567625,-0.303514377,217.8,216.8
120046,120,49.2416989,49,14,30.11604,-121.8912647,-121,-53,-28.55292,625.862,5.487,8.407673861,-0.170263789,0.191846523,-0.007454739,0.057507987,-0.149094782,213,214
121000,121,49.2416708,49,14,30.01488,-121.8913138,-121,-53,-28.72968,625.47,5.218,8.244604317,0.616306954,1.335731415,0.043663472,0.195953142,0.157614483,209.3,206.3
122045,122,49.2416265,49,14,29.8554,-121.891381,-121,-53,-28.9716,623.897,6.755,9.896882494,-0.273381295,1.24940048,0.025559105,-0.263045793,0.346112886,211.8,209.8
123000,123,49.2415619,49,14,29.62284,-121.8914514,-121,-53,-29.22504,623.231,8.838,11.51558753,1.381294964,1.625899281,0.145899894,-0.102236422,0.010649627,205.5,208.5
124003,124,49.2414869,49,14,29.35284,-121.8914955,-121,-53,-29.3838,623.412,8.76,10.82014388,1.997601918,3.035971223,-0.198083067,-0.142705005,-0.422790202,205.1,203.1
125015,125,49.241422,49,14,29.1192,-121.8914788,-121,-53,-29.32368,623.498,7.492,10.5323741,0.326139089,4.889688249,0.097976571,0.235356763,-0.277955272,204.6,206.6
126005,126,49.2413706,49,14,28.93416,-121.8914332,-121,-53,-29.15952,624.173,6.801,7.354916067,-1.556354916,1.182254197,-0.034078807,0.161874334,-0.322683706,203.2,201.2
127050,127,49.2413207,49,14,28.75452,-121.8913932,-121,-53,-29.01552,624.735,5.801,9.79616307,2.381294964,0.136690647,0.063897764,0.052183174,-0.182108626,202.4,205.4
128005,128,49.241268,49,14,28.5648,-121.8913875,-121,-53,-28.995,624.23,5.802,10.56594724,2.405275779,-0.784172662,0.309904153,0.103301384,0.483493078,212.3,211.3
129008,129,49.2412017,49,14,28.32612,-121.8914023,-121,-53,-29.04828,623.226,7.199,9.191846523,0.304556355,2.558752998,0.113951012,-0.183173589,-0.156549521,207.9,210.9
130020,130,49.2411386,49,14,28.09896,-121.8913898,-121,-53,-29.00328,622.44,7.126,7.03117506,2.170263789,2.067146283,0.141640043,0.127795527,-0.108626198,206.6,207.6
131010,131,49.2410818,49,14,27.89448,-121.8913412,-121,-53,-28.82832,619.943,7.647,9.995203837,3.613908873,1.923261391,-0.221512247,-0.230031949,-0.167199148,209.9,206.9
132000,132,49.2410295,49,14,27.7062,-121.8912546,-121,-53,-28.51656,616.878,8.95,9.695443645,0.743405276,1.882494005,0.033013845,-0.013844515,-0.107561235,207.4,209.4
133010,133,49.2409685,49,14,27.4866,-121.8911543,-121,-53,-28.15548,615.214,9.327,10.69064748,-0.436450839,1.645083933,-0.072417465,0.139510117,-0.022364217,212,213
134013,134,49.2408995,49,14,27.2382,-121.8910911,-121,-53,-27.92796,613.634,8.691,10.21342926,2.139088729,2.700239808,-1.604898829,0.094781683,-0.072417465,207.6,204.6
135025,135,49.2408282,49,14,26.98152,-121.8910609,-121,-53,-27.81924,612.5,8.226,8.6882494,2.995203837,1.227817746,-0.031948882,0.135250266,-0.176783813,204.6,207.6
136015,136,49.2407565,49,14,26.7234,-121.8910301,-121,-53,-27.70836,610.898,8.472,9.925659472,2.35971223,3.32853717,-0.160809372,-0.077742279,0.002129925,209.7,206.7
137005,137,49.2406925,49,14,26.493,-121.8909716,-121,-53,-27.49776,609.822,8.495,10.0647482,1.285371703,2.107913669,0.087326944,0.305644302,0.019169329,210.3,213.3
138015,138,49.2406258,49,14,26.25288,-121.8908872,-121,-53,-27.19392,609.915,9.053,8.316546763,0.76498801,2.597122302,-0.89456869,0.062832801,-1.297124601,213.6,211.6
139018,139,49.24056,49,14,26.016,-121.8908244,-121,-53,-26.96784,609.254,8.525,8.39088729,8.143884892,2.220623501,0.150159744,-0.127795527,-0.133120341,215.9,212.9
140030,140,49.240486,49,14,25.7496,-121.890788,-121,-53,-26.8368,608.647,8.887,6.199040767,6.824940048,3.211031175,0.330138445,-0.63684771,0.003194888,225.8,227.8
141020,141,49.2403985,49,14,25.4346,-121.8907832,-121,-53,-26.81952,608.571,9.506,8.035971223,7.630695444,0.942446043,-0.237486688,0.303514377,0.1171459,233.3,231.3
142010,142,49.2403214,49,14,25.15704,-121.8908081,-121,-53,-26.90916,608.73,8.885,9.103117506,-2.659472422,0.213429257,-0.166134185,0.010649627,0.414270501,243.3,243.3
143000,143,49.2402597,49,14,24.93492,-121.8908822,-121,-53,-27.17592,607.257,9.008,9.287769784,0.585131894,3.151079137,-0.120340788,-0.167199148,-0.150159744,247,248
144010,144,49.2402208,49,14,24.79488,-121.8909718,-121,-53,-27.49848,607.201,7.423,9.026378897,3.215827338,0.71942446,0.236421725,0.04685836,-0.270500532,248.7,249.7
145013,145,49.2401607,49,14,24.57852,-121.8910401,-121,-53,-27.74436,604.836,8.611,9.630695444,1.299760192,2.971223022,-0.447284345,-0.192758253,-0.256656017,250.9,249.9
146025,146,49.2400959,49,14,24.34524,-121.8910892,-121,-53,-27.92112,602.588,7.829,10.10071942,-0.479616307,1.853717026,1.358892439,0.545260916,0.320553781,259.8,262.8
147015,147,49.2400329,49,14,24.11844,-121.8911418,-121,-53,-28.11048,601.158,7.91,8.371702638,0.520383693,1.757793765,-1.907348243,-0.370607029,-0.562300319,259.9,256.9
148005,148,49.2399806,49,14,23.93016,-121.891223,-121,-53,-28.4028,598.748,8.53,9.762589928,0.323741007,3.294964029,-0.544195953,-0.270500532,-0.005324814,278.8,275.8
149049,149,49.2399394,49,14,23.78184,-121.8913423,-121,-53,-28.83228,596.428,9.627,10.84652278,0.287769784,2.393285372,-0.598509052,0.237486688,-0.45686901,279.9,278.9
150040,150,49.2399083,49,14,23.66988,-121.8914567,-121,-53,-29.24412,594.235,9.085,9.434052758,4.055155875,1.997601918,-0.159744409,0.725239617,-0.513312034,277.4,280.4
151030,151,49.2398708,49,14,23.53488,-121.8915637,-121,-53,-29.62932,592.639,8.74,7.446043165,2.064748201,6.64028777,-0.09371672,-0.44515442,0.097976571,289.1,286.1
152020,152,49.2398363,49,14,23.41068,-121.8916533,-121,-53,-29.95188,591.128,7.497,7.529976019,4.93764988,1.709832134,-0.002129925,-0.050053248,0.310969116,293.2,291.2
153030,153,49.2398274,49,14,23.37864,-121.8917581,-121,-53,-30.32916,588.664,7.624,8.088729017,1.395683453,-1.470023981,-0.092651757,-0.025559105,0.007454739,304.3,301.3
154000,154,49.2398526,49,14,23.46936,-121.891881,-121,-53,-30.7716,584.318,9.752,12.14148681,1.088729017,1.494004796,-0.167199148,-0.349307774,-0.138445154,308,308
155023,155,49.2399025,49,14,23.649,-121.8920233,-121,-53,-31.28388,581.088,12.094,12.01438849,-0.976019185,0.117505995,3.593184239,0.533546326,0.615548456,299,297
156035,156,49.2399595,49,14,23.8542,-121.8921573,-121,-53,-31.76628,579.223,11.662,10.34292566,2.625899281,1.940047962,0.227902023,0.150159744,0.002129925,312,311
157025,157,49.2400211,49,14,24.07596,-121.8922735,-121,-53,-32.1846,578.059,10.74,8.32853717,1.357314149,3.167865707,-0.341853035,-0.03514377,-0.087326944,306.8,305.8
158015,158,49.2400851,49,14,24.30636,-121.8923745,-121,-53,-32.5482,576.341,10.232,7.978417266,0.306954436,1.556354916,-0.08200213,0.15228967,0.062832801,305.9,304.9
159025,159,49.2401555,49,14,24.5598,-121.8924793,-121,-53,-32.92548,574.018,10.772,9.179856115,-1.388489209,3.270983213,-0.031948882,-0.277955272,-0.040468584,299.4,299.4
160028,160,49.2402265,49,14,24.8154,-121.8925831,-121,-53,-33.29916,571.553,10.916,9.095923261,0.230215827,2.829736211,-0.08200213,-0.066027689,-0.068157614,309.9,307.9
161040,161,49.2403048,49,14,25.09728,-121.8926891,-121,-53,-33.68076,569.22,12.537,9.678657074,-1.275779376,3.645083933,0.01171459,-0.015974441,0.103301384,291.9,294.9
162030,162,49.2403914,49,14,25.40904,-121.8927868,-121,-53,-34.03248,567.73,11.811,9.160671463,-0.165467626,2.966426859,0.217252396,0.395101171,0.02342918,292.8,294.8
163040,163,49.24047,49,14,25.692,-121.892879,-121,-53,-34.3644,565.648,10.6,7.412470024,-5.016786571,4.961630695,0.313099042,-0.266240682,0.169329073,276.3,276.3
164010,164,49.2405361,49,14,25.92996,-121.8929647,-121,-53,-34.67292,563.524,9.6,7.410071942,-3.916067146,4.489208633,0.228966986,-0.074547391,0.061767838,259,260
165033,165,49.2405862,49,14,26.11032,-121.8930652,-121,-53,-35.03472,561.451,9.488,8.856115108,-3.386091127,2.189448441,0.071352503,-0.239616613,0.027689031,250.9,247.9
166045,166,49.2406118,49,14,26.20248,-121.8931928,-121,-53,-35.49408,558.861,9.953,10.99280576,-2.79616307,1.829736211,0.56656017,-0.028753994,0.319488818,252.8,251.8
167035,167,49.2406029,49,14,26.17044,-121.89334,-121,-53,-36.024,555.987,10.598,12.34772182,-0.925659472,1.376498801,-0.476038339,-0.077742279,-0.062832801,233.1,231.1
168045,168,49.2405508,49,14,25.98288,-121.8934735,-121,-53,-36.5046,553.889,10.263,11.25899281,0.067146283,2.141486811,0.165069223,-0.130990415,-0.284345048,221.5,219.5
169015,169,49.2404794,49,14,25.72584,-121.8935459,-121,-53,-36.76524,551.415,9.086,9.913669065,0.177458034,0.541966427,-0.095846645,-0.268370607,-0.39829606,215.6,217.6
170038,170,49.2403997,49,14,25.43892,-121.893555,-121,-53,-36.798,549.156,8.792,10.92086331,-1.923261391,-1.098321343,-0.286474973,0.62513312,-0.010649627,207,205
171050,171,49.2403166,49,14,25.13976,-121.8935389,-121,-53,-36.74004,547.918,9.281,8.477218225,-2.201438849,0.410071942,-0.259850905,0.069222577,-0.240681576,207,208
172040,172,49.2402381,49,14,24.85716,-121.8935444,-121,-53,-36.75984,547.081,8.658,8.625899281,0.347721823,0.997601918,-0.113951012,-0.743343983,-0.135250266,207.5,206.5
173030,173,49.2401606,49,14,24.57816,-121.8935791,-121,-53,-36.88476,545.313,9.03,9.242206235,1.633093525,3.589928058,0.028753994,0.153354633,0.268370607,212.1,215.1
174040,174,49.2400783,49,14,24.28188,-121.8936425,-121,-53,-37.113,543.589,9.54,9.556354916,-0.482014388,2.904076739,0.145899894,0.154419595,0.136315229,207.5,209.5
175043,175,49.2400084,49,14,24.03024,-121.8936898,-121,-53,-37.28328,542.003,8.187,7.673860911,-0.971223022,4.32853717,-0.027689031,-0.071352503,-0.238551651,210.4,209.4
176000,176,49.2399264,49,14,23.73504,-121.8937088,-121,-53,-37.35168,539.693,9.518,8.868105516,-0.690647482,4.628297362,-0.22257721,0.356762513,-0.369542066,210.9,212.9
177045,177,49.2398346,49,14,23.40456,-121.8937296,-121,-53,-37.42656,538.852,9.566,8.724220624,-1.122302158,4.352517986,-0.052183174,-0.33972311,-0.126730564,209.1,207.1
178003,178,49.2397503,49,14,23.10108,-121.8937691,-121,-53,-37.56876,537.583,9.379,9.695443645,-3.748201439,2.96882494,-0.076677316,-0.160809372,0.170394036,205.7,207.7
179000,179,49.2396686,49,14,22.80696,-121.8938395,-121,-53,-37.8222,536.743,10.318,9.767386091,-1.894484412,4.563549161,0.176783813,0.982960596,0.866879659,200.4,198.4
180015,180,49.239587,49,14,22.5132,-121.8939234,-121,-53,-38.12424,536.783,10.699,10.14388489,1.884892086,-4.158273381,0.039403621,-0.369542066,-0.178913738,210.9,207.9
181005,181,49.2395134,49,14,22.24824,-121.8940097,-121,-53,-38.43492,538.05,9.864,8.712230216,-0.657074341,3.177458034,0.01171459,-0.197018104,-0.256656017,207.3,208.3
182050,182,49.2394342,49,14,21.96312,-121.8940798,-121,-53,-38.68728,538.442,9.157,8.985611511,-0.834532374,3.064748201,0.038338658,0.256656017,0.127795527,205.2,204.2
183040,183,49.2393653,49,14,21.71508,-121.8941376,-121,-53,-38.89536,538.136,8.956,9.023980815,0.045563549,2.151079137,0.115015974,-0.089456869,0.166134185,205.7,206.7
184050,184,49.239294,49,14,21.4584,-121.8942074,-121,-53,-39.14664,538.047,8.94,9.717026379,1.043165468,2.112709832,-1.138445154,-0.353567625,0.185303514,201.8,202.8
185053,185,49.2392295,49,14,21.2262,-121.8943026,-121,-53,-39.48936,537.804,9.937,8.76498801,0.496402878,6.304556355,0.634717785,0.031948882,0.425985091,186.7,189.7
186010,186,49.2391791,49,14,21.04476,-121.8943971,-121,-53,-39.82956,537.5,9.108,11.12470024,-3.551558753,-3.964028777,-1.062832801,0.659211928,-0.313099042,173.6,170.6
187000,187,49.2391238,49,14,20.84568,-121.8944776,-121,-53,-40.11936,537.952,8.009,7.726618705,0.918465228,-2.119904077,0.157614483,0.268370607,0.172523962,173.6,175.6
188045,188,49.2390658,49,14,20.63688,-121.8945436,-121,-53,-40.35696,537.041,7.051,8.335731415,-0.570743405,-0.354916067,0.350372737,0.120340788,0.133120341,147,147
189003,189,49.239006,49,14,20.4216,-121.8946024,-121,-53,-40.56864,534.943,7.694,8.959232614,0.071942446,2.992805755,0.322683706,0.132055378,0.684771033,145.9,146.9
190000,190,49.2389424,49,14,20.19264,-121.8946654,-121,-53,-40.79544,532.2,8.18,9.851318945,-3.141486811,1.134292566,0.400425985,0.345047923,0.144834931,126.3,123.3
191015,191,49.2388767,49,14,19.95612,-121.8947339,-121,-53,-41.04204,529.577,8.644,8.784172662,-4.261390887,3.592326139,-2.26943557,0.453674121,-1.285410011,114.4,111.4
192005,192,49.2388073,49,14,19.70628,-121.8947854,-121,-53,-41.22744,527.234,8.251,8.952038369,-4.050359712,0.088729017,0.366347178,-0.083067093,-0.179978701,108.7,111.7
193018,193,49.2387283,49,14,19.42188,-121.8947886,-121,-53,-41.23896,523.969,8.148,10.00719424,1.865707434,2.954436451,0.109691161,-0.129925453,0.057507987,107.3,105.3
194040,194,49.2386481,49,14,19.13316,-121.8947382,-121,-53,-41.05752,520.474,9.357,11.04076739,0.96882494,2.405275779,-0.265175719,-0.055378062,0.050053248,109,112
195005,195,49.238582,49,14,18.8952,-121.894667,-121,-53,-40.8012,519.117,9.637,10.38369305,-0.330935252,2.817745803,0.285410011,0.104366347,0.040468584,113,115
196020,196,49.2385232,49,14,18.68352,-121.8945826,-121,-53,-40.49736,518.792,8.886,8.019184652,0.892086331,4.158273381,0.042598509,0.208732694,-0.09371672,98.3,99.3
197010,197,49.2384812,49,14,18.53232,-121.8944891,-121,-53,-40.16076,517.909,8.398,8.467625899,0.882494005,3.069544365,5.21086262,-0.215122471,0.605963791,100.3,97.3
198000,198,49.2384575,49,14,18.447,-121.8943796,-121,-53,-39.76656,515.124,9.009,10.47242206,0.407673861,-0.26618705,-1.940362087,0.228966986,-0.376996805,109.1,108.1
199013,199,49.2384326,49,14,18.35736,-121.8942424,-121,-53,-39.27264,512.625,10.413,9.522781775,-1.158273381,1.23501199,-1.146964856,0.026624068,-0.873269436,104,107
200010,200,49.2383839,49,14,18.18204,-121.8941092,-121,-53,-38.79312,509.828,11.075,10.69304556,0.877697842,2.083932854,0.177848775,0.04685836,0.064962726,104.2,102.2
201025,201,49.2383143,49,14,17.93148,-121.8939908,-121,-53,-38.36688,507.471,11.616,9.827338129,4.309352518,5.597122302,-0.116080937,-0.03514377,-0.028753994,129.6,131.6
202015,202,49.2382402,49,14,17.66472,-121.8938758,-121,-53,-37.95288,507.007,11.618,8.496402878,0.882494005,4.76498801,0.022364217,0.240681576,-0.083067093,143.7,144.7
203005,203,49.2381793,49,14,17.44548,-121.8937663,-121,-53,-37.55868,506.739,10.506,7.362110312,3.621103118,5.278177458,0.280085197,-0.057507987,0.179978701,162.8,162.8
204018,204,49.238113,49,14,17.2068,-121.8936547,-121,-53,-37.15692,505.512,10.336,8.059952038,2.254196643,3.184652278,-0.458998935,-0.249201278,-0.031948882,183.9,186.9
205015,205,49.2380617,49,14,17.02212,-121.8935634,-121,-53,-36.82824,504.107,8.793,10.38848921,1.637889688,-1.618705036,-1.91799787,0.423855165,-0.956336528,201.3,204.3
206030,206,49.2380035,49,14,16.8126,-121.8935117,-121,-53,-36.64212,502.539,7.734,10.07434053,2.824940048,0.853717026,-0.167199148,-0.072417465,-0.387646432,222.4,219.4
207020,207,49.2379234,49,14,16.52424,-121.8935041,-121,-53,-36.61476,501.321,8.683,10.60431655,2.35971223,2.676258993,-0.166134185,-0.221512247,0.013844515,237,236
208010,208,49.2378483,49,14,16.25388,-121.8935285,-121,-53,-36.7026,500.43,8.399,10.51798561,1.213429257,2.282973621,0.353567625,0.162939297,0.226837061,258.3,255.3
209023,209,49.2377947,49,14,16.06092,-121.8935953,-121,-53,-36.94308,499.608,7.507,9.541966427,-0.786570743,1.76498801,0.982960596,0.141640043,0.186368477,272.7,271.7
210020,210,49.2377762,49,14,15.99432,-121.8936884,-121,-53,-37.27824,497.825,7.288,10.05275779,-0.486810552,0.87529976,-0.900958466,-0.170394036,0.063897764,291.6,292.6
211035,211,49.2377739,49,14,15.98604,-121.893804,-121,-53,-37.6944,496.092,8.584,10.28297362,0.405275779,2.021582734,0.462193823,0.231096912,0.134185304,280.1,277.1
212025,212,49.2377717,49,14,15.97812,-121.8939251,-121,-53,-38.13036,494.006,9.056,9.532374101,-0.088729017,2.134292566,2.078807242,0.626198083,0.498402556,280.8,278.8
213015,213,49.2377611,49,14,15.93996,-121.8940512,-121,-53,-38.58432,492.204,9.33,8.450839329,1.887290168,5.623501199,0.404685836,-0.21086262,-0.020234292,281,283
214028,214,49.2377446,49,14,15.88056,-121.8941759,-121,-53,-39.03324,490.331,8.954,9.170263789,0.095923261,3.882494005,0.440894569,0.108626198,0.104366347,284.9,286.9
215025,215,49.2377399,49,14,15.86364,-121.8942934,-121,-53,-39.45624,488.467,8.721,8.616306954,0.304556355,3.714628297,-0.587859425,-0.072417465,-0.120340788,283,285
216040,216,49.237749,49,14,15.8964,-121.8944153,-121,-53,-39.89508,486.411,9.018,9.100719424,1.24940048,2.887290168,0.169329073,-0.048988285,0.194888179,288,289
217030,217,49.2377632,49,14,15.94752,-121.8945412,-121,-53,-40.34832,484.044,9.461,9.220623501,1.81294964,2.131894484,-0.692225772,-0.083067093,-0.193823216,283.7,280.7
218020,218,49.2377721,49,14,15.97956,-121.8946672,-121,-53,-40.80192,482.232,9.179,9.100719424,0.980815348,2.083932854,-0.43343983,0.062832801,-0.249201278,288.9,287.9
219033,219,49.237777,49,14,15.9972,-121.894808,-121,-53,-41.3088,480.25,9.862,9.306954436,0.419664269,2.582733813,0.522896699,-0.059637913,0.405750799,280.3,277.3
220030,220,49.237793,49,14,16.0548,-121.8949372,-121,-53,-41.77392,478.874,9.673,8.947242206,-0.03117506,3.947242206,0.827476038,-0.097976571,0.979765708,285.7,285.7
221045,221,49.237814,49,14,16.1304,-121.8950623,-121,-53,-42.22428,477.801,9.216,8.537170264,-2.736211031,2.141486811,0.158679446,0.109691161,0.02342918,261.3,264.3
222035,222,49.2378268,49,14,16.17648,-121.8951822,-121,-53,-42.65592,476.232,9.107,6.798561151,-5.575539568,5.412470024,0.46112886,-0.144834931,0.277955272,247.4,247.4
223025,223,49.2378346,49,14,16.20456,-121.8953026,-121,-53,-43.08936,474.148,8.658,8.088729017,-4.378896882,3.954436451,0.03514377,-0.309904153,0.013844515,228.9,227.9
224038,224,49.2378229,49,14,16.16244,-121.895417,-121,-53,-43.5012,471.612,8.219,10.11270983,-2.935251799,1.196642686,-0.773162939,0.242811502,-0.201277955,207.7,207.7
225035,225,49.2377731,49,14,15.98316,-121.895503,-121,-53,-43.8108,468.927,8.424,10.10311751,-0.201438849,2.047961631,0.277955272,-0.059637913,-0.051118211,179.9,177.9
226050,226,49.2377034,49,14,15.73224,-121.8955423,-121,-53,-43.95228,465.405,8.415,11.21822542,1.70263789,3.326139089,-0.043663472,0.127795527,-0.16400426,173.5,175.5
227040,227,49.2376252,49,14,15.45072,-121.89553,-121,-53,-43.908,463.21,8.745,9.354916067,0.743405276,4.091127098,0.073482428,0.045793397,0.028753994,176.5,175.5
228030,228,49.2375483,49,14,15.17388,-121.8954828,-121,-53,-43.73808,461.488,9.045,8.798561151,0.304556355,2.645083933,0.062832801,0.064962726,-0.044728435,179.6,178.6
229043,229,49.2374765,49,14,14.9154,-121.8954143,-121,-53,-43.49148,460.128,8.873,8.227817746,0.29736211,2.93764988,0.276890309,0.077742279,0.122470714,176.4,177.4
230040,230,49.2374079,49,14,14.66844,-121.895348,-121,-53,-43.2528,458.166,9.18,8.697841727,-1.405275779,3.930455635,-0.203407881,-0.2342918,-0.077742279,187,185
231000,231,49.2373353,49,14,14.40708,-121.8952945,-121,-53,-43.0602,456.359,9.591,9.410071942,0.316546763,3.613908873,-0.086261981,-0.17571885,0.036208733,178,181
232045,232,49.2372468,49,14,14.08848,-121.8952382,-121,-53,-42.85752,453.927,10.388,10.85131894,0.139088729,2.952038369,0.686900958,0.038338658,0.136315229,182,180
233035,233,49.2371569,49,14,13.76484,-121.895177,-121,-53,-42.6372,453.069,10.722,10.05995204,1.635491607,3.822541966,-0.225772098,0.275825346,0.022364217,185.6,185.6
234048,234,49.2370761,49,14,13.47396,-121.8951012,-121,-53,-42.36432,452.726,9.697,8.729016787,2.472422062,2.839328537,-0.048988285,0.110756124,-0.144834931,179.2,176.2
235045,235,49.2370156,49,14,13.25616,-121.8950242,-121,-53,-42.08712,451.1,8.885,7.820143885,2.043165468,3.254196643,0.320553781,0.381256656,0.029818956,174.9,174.9
236005,236,49.2369654,49,14,13.07544,-121.8949457,-121,-53,-41.80452,449.392,8.622,8.129496403,-0.088729017,3.254196643,-0.379126731,-0.028753994,-0.191693291,179.2,177.2
237050,237,49.2369037,49,14,12.85332,-121.8948561,-121,-53,-41.48196,446.526,9.424,8.201438849,-0.556354916,5.270983213,-0.247071353,-0.266240682,-0.167199148,173.5,175.5
238011,238,49.2368308,49,14,12.59088,-121.8947689,-121,-53,-41.16804,444.028,10.486,10.38848921,1.333333333,4.107913669,-0.051118211,-0.184238552,0.052183174,179.8,181.8
239030,239,49.2367515,49,14,12.3054,-121.8946753,-121,-53,-40.83108,441.965,10.485,9.832134293,1.460431655,4.304556355,0.597444089,0.32800852,0.074547391,176.5,177.5
240050,240,49.2366841,49,14,12.06276,-121.8945831,-121,-53,-40.49916,440.303,9.964,8.743405276,-0.76498801,4.136690647,1.692225772,0.069222577,0.486687966,182,182
241010,241,49.236628,49,14,11.8608,-121.8944956,-121,-53,-40.18416,439.682,9.358,9.292565947,1.122302158,-0.386091127,0.022364217,0.080937167,-0.007454739,179.3,181.3
242000,242,49.2365718,49,14,11.65848,-121.8944035,-121,-53,-39.8526,438.227,9.139,7.841726619,0.436450839,5.827338129,-0.330138445,0.123535676,-0.052183174,187.9,190.9
243045,243,49.2365063,49,14,11.42268,-121.8943167,-121,-53,-39.54012,434.969,9.347,8.868105516,2.136690647,2.585131894,0.697550586,0.112886049,0.444089457,178.8,181.8
244006,244,49.2364327,49,14,11.15772,-121.8942334,-121,-53,-39.24024,432.005,10.128,9.179856115,5.51558753,6.705035971,-0.258785942,-0.156549521,-0.113951012,178.5,177.5
245055,245,49.2363509,49,14,10.86324,-121.8941417,-121,-53,-38.91012,430.868,10.559,9.29736211,-0.014388489,5.477218225,-0.16400426,0.434504792,0.214057508,174.2,173.2
246015,246,49.2362836,49,14,10.62096,-121.8940622,-121,-53,-38.62392,429.827,9.943,8.616306954,1.244604317,3.419664269,-0.955271565,-0.156549521,-0.370607029,194,194
247005,247,49.2362198,49,14,10.39128,-121.8939893,-121,-53,-38.36148,428.08,8.733,8.371702638,0.105515588,4.501199041,-0.395101171,-0.195953142,0.015974441,200.7,200.7
248050,248,49.2361538,49,14,10.15368,-121.8939184,-121,-53,-38.10624,426.299,8.605,8.87529976,1.527577938,3.011990408,-0.079872204,0.07028754,-0.102236422,205.3,204.3
249011,249,49.2360944,49,14,9.93984,-121.8938512,-121,-53,-37.86432,423.738,8.39,9.388489209,0.189448441,1.508393285,-0.497337593,0.186368477,-0.337593184,227.3,226.3
250002,250,49.2360332,49,14,9.71952,-121.8937816,-121,-53,-37.61376,421.069,8.694,9.426858513,1.784172662,2.417266187,0.039403621,0.243876464,0.149094782,235.8,232.8
251020,251,49.2359685,49,14,9.4866,-121.8937141,-121,-53,-37.37076,418.46,8.809,8.03117506,4.273381295,5.654676259,-0.244941427,-0.218317359,-0.324813632,247.4,245.4
252010,252,49.2359005,49,14,9.2418,-121.8936514,-121,-53,-37.14504,416.223,8.631,8.829736211,3.820143885,3.980815348,-0.42172524,-0.153354633,-0.143769968,247.2,249.2
253000,253,49.2358355,49,14,9.0078,-121.8936171,-121,-53,-37.02156,414.31,7.539,9.51558753,2.808153477,0.709832134,-0.252396166,-0.198083067,-0.212992545,265.7,263.7
254016,254,49.2357752,49,14,8.79072,-121.893642,-121,-53,-37.1112,410.903,6.603,9.191846523,1.134292566,1.299760192,0.759318424,-0.148029819,0.45686901,276.6,278.6
255007,255,49.2357405,49,14,8.6658,-121.8937286,-121,-53,-37.42296,406.957,7.961,11.66666667,-0.508393285,0.79616307,-0.047923323,-0.212992545,0.177848775,285.7,283.7
256025,256,49.2357338,49,14,8.64168,-121.8938631,-121,-53,-37.90716,403.481,10.244,10.91846523,-2.199040767,3.424460432,-0.369542066,-0.133120341,-0.232161874,283.9,282.9
257015,257,49.2357535,49,14,8.7126,-121.8940082,-121,-53,-38.42952,401.398,11.095,10.4676259,1.395683453,3.841726619,0.088391906,-0.04685836,0.076677316,284.1,287.1
258005,258,49.2357728,49,14,8.78208,-121.8941445,-121,-53,-38.9202,400.347,9.88,9.117505995,-0.788968825,-0.03117506,0.206602769,-0.085197018,-0.143769968,279.7,282.7
259021,259,49.2357761,49,14,8.79396,-121.8942711,-121,-53,-39.37596,399.09,8.51,9.309352518,-0.73381295,-1.251798561,0.369542066,0.452609159,-0.144834931,292.4,295.4
260012,260,49.2357728,49,14,8.78208,-121.8943821,-121,-53,-39.77556,396.921,7.963,7.263788969,-0.947242206,5.944844125,0.502662407,-0.432374867,0.333333333,285.2,288.2
261030,261,49.2357767,49,14,8.79612,-121.8944908,-121,-53,-40.16688,394.144,8.206,8.330935252,-0.237410072,3.73381295,-0.431309904,-0.124600639,-0.039403621,287,287
262020,262,49.235797,49,14,8.8692,-121.8946136,-121,-53,-40.60896,390.866,9.502,10.20623501,0.949640288,1.976019185,0.127795527,-0.007454739,0.193823216,289.5,288.5
263037,263,49.2358227,49,14,8.96172,-121.8947486,-121,-53,-41.09496,388.188,10.435,10.00959233,1.131894484,2.537170264,-0.584664537,-0.01171459,-0.254526092,292,295
264002,264,49.2358462,49,14,9.04632,-121.8948819,-121,-53,-41.57484,385.965,10.216,9.822541966,0.215827338,2.568345324,0.340788072,-0.174653887,0.111821086,278.7,280.7
265017,265,49.2358596,49,14,9.09456,-121.8950225,-121,-53,-42.081,383.958,9.838,9.194244604,0.988009592,2.047961631,0.101171459,0.064962726,0.09371672,292.5,294.5
266035,266,49.2358699,49,14,9.13164,-121.8951508,-121,-53,-42.54288,382.024,9.313,9.24940048,-0.03117506,4.103117506,-0.110756124,0.012779553,-0.068157614,290.6,288.6
267025,267,49.2358827,49,14,9.17772,-121.8952749,-121,-53,-42.98964,379.688,9.363,9.158273381,-0.748201439,2.131894484,0.394036209,-0.146964856,0.834930777,283.3,285.3
268015,268,49.2359004,49,14,9.24144,-121.8954022,-121,-53,-43.44792,377.111,9.537,9.393285372,-0.589928058,3.095923261,0.004259851,0.068157614,-0.003194888,260.8,261.8
269031,269,49.2359155,49,14,9.2958,-121.8955386,-121,-53,-43.93896,374.414,9.731,7.808153477,-5.160671463,3.551558753,0.248136315,-0.183173589,0.038338658,244.5,242.5
270022,270,49.2359214,49,14,9.31704,-121.8956716,-121,-53,-44.41776,371.628,9.633,8.90647482,-4.282973621,3.347721823,-0.259850905,0.244941427,-0.843450479,241,238
271040,271,49.2359062,49,14,9.26232,-121.8957989,-121,-53,-44.87604,369.103,9.189,9.477218225,0.112709832,2.110311751,0.125665602,-0.144834931,0.031948882,232.4,234.4
272030,272,49.2358741,49,14,9.14676,-121.8959118,-121,-53,-45.28248,366.606,8.72,9.410071942,1.877697842,1.743405276,0.261980831,0.356762513,0.03514377,242.2,241.2
273020,273,49.2358312,49,14,8.99232,-121.8960104,-121,-53,-45.63744,364.044,8.639,9.371702638,1.083932854,3.489208633,0.139510117,-0.020234292,0.121405751,228.8,228.8
274036,274,49.2357771,49,14,8.79756,-121.8961108,-121,-53,-45.99888,361.885,9.014,9.681055156,0.935251799,2.378896882,-0.321618743,0.022364217,-0.21086262,234.1,231.1
275027,275,49.2357252,49,14,8.61072,-121.8962114,-121,-53,-46.36104,359.975,9.493,9.35971223,0.354916067,3.374100719,-0.372736954,0.902023429,-0.075612354,231.7,234.7
276045,276,49.2356695,49,14,8.4102,-121.8963161,-121,-53,-46.73796,358.297,9.865,8.966426859,0.035971223,2.052757794,-0.979765708,-0.314164004,0.120340788,237,237
277035,277,49.2356123,49,14,8.20428,-121.8964141,-121,-53,-47.09076,356.636,9.594,9.299760192,0.141486811,3.48441247,0.739084132,0.458998935,0.019169329,238,236
278025,278,49.2355488,49,14,7.97568,-121.8965077,-121,-53,-47.42772,355.493,9.75,8.649880096,-0.918465228,3.973621103,-0.091586794,0.019169329,0.002129925,238.7,237.7
279041,279,49.2354794,49,14,7.72584,-121.896603,-121,-53,-47.7708,353.631,9.763,7.961630695,-0.558752998,4.683453237,0.231096912,-0.236421725,0.385516507,234.5,231.5
280032,280,49.2354144,49,14,7.49184,-121.8966955,-121,-53,-48.1038,351.692,9.853,8.741007194,-1.942446043,4.705035971,-0.126730564,-0.266240682,-0.166134185,241.4,242.4
281050,281,49.235353,49,14,7.2708,-121.8967866,-121,-53,-48.43176,349.604,9.874,9.90647482,1.539568345,3.808153477,-0.369542066,0.04685836,-0.036208733,233.9,232.9
282040,282,49.2352865,49,14,7.0314,-121.8968814,-121,-53,-48.77304,348.061,10.093,9.48441247,2.239808153,3.824940048,0.130990415,-0.033013845,0.094781683,241.7,239.7
283030,283,49.2352186,49,14,6.78696,-121.8969638,-121,-53,-49.06968,346.52,9.554,10.31894484,1.333333333,2.220623501,0.417465389,0.091586794,0.273695421,234.3,235.3
284019,284,49.2351503,49,14,6.54108,-121.8970361,-121,-53,-49.32996,345.869,9.087,8.107913669,0.12470024,2.45323741,-0.099041534,-0.020234292,-0.227902023,231.2,233.2
285010,285,49.2350865,49,14,6.3114,-121.8971063,-121,-53,-49.58268,345.189,8.676,8.721822542,-0.738609113,2.928057554,-0.560170394,-0.15228967,-0.133120341,231.4,232.4
286000,286,49.2350349,49,14,6.12564,-121.897187,-121,-53,-49.8732,344.096,8.304,9.625899281,0.32853717,2.047961631,0.207667732,0.112886049,0.268370607,231,230
287045,287,49.2349847,49,14,5.94492,-121.8972827,-121,-53,-50.21772,342.862,8.566,10.0647482,0.64028777,1.362110312,0.026624068,-0.060702875,-0.012779553,238.1,239.1
288004,288,49.2349367,49,14,5.77212,-121.8973705,-121,-53,-50.5338,341.916,9.012,9.815347722,1.29736211,3.489208633,-0.402555911,0.062832801,0.010649627,235.1,237.1
289000,289,49.2348799,49,14,5.56764,-121.8974605,-121,-53,-50.8578,341.618,9.184,9.839328537,0.167865707,2.131894484,0.223642173,-0.051118211,0.146964856,229.7,232.7
290014,290,49.2348238,49,14,5.36568,-121.8975612,-121,-53,-51.22032,341.351,9.153,9.127098321,-0.748201439,2.803357314,0.041533546,0.150159744,-0.123535676,228.7,231.7
291005,291,49.2347761,49,14,5.19396,-121.8976601,-121,-53,-51.57636,341.295,8.878,8.105515588,1.678657074,2.666666667,0.060702875,0.004259851,0.173588924,238,235
292050,292,49.2347315,49,14,5.0334,-121.897774,-121,-53,-51.9864,340.294,9.028,9.426858513,1.103117506,2.913669065,-0.05857295,0.002129925,0.151224707,230.6,231.6
293040,293,49.2346885,49,14,4.8786,-121.8978825,-121,-53,-52.377,339.242,9.2,8.798561151,0.326139089,2.743405276,0.33972311,0.227902023,-0.094781683,227.3,226.3
294030,294,49.2346452,49,14,4.72272,-121.8979868,-121,-53,-52.75248,338.259,9.228,9.678657074,-1.213429257,3.117505995,-0.010649627,0.228966986,-0.036208733,229.9,227.9
295019,295,49.234605,49,14,4.578,-121.8980921,-121,-53,-53.13156,337.178,8.866,9.71942446,-2.872901679,2.083932854,-0.017039404,-0.157614483,0.022364217,221.7,223.7
296010,296,49.2345641,49,14,4.43076,-121.8982041,-121,-53,-53.53476,336.952,9.521,8.510791367,-2.717026379,3.489208633,-0.270500532,0.236421725,-0.431309904,232,231
297000,297,49.2345266,49,14,4.29576,-121.8983147,-121,-53,-53.93292,336.904,8.967,10.36211031,-0.793764988,2.004796163,-0.154419595,-0.014909478,-0.467518637,219.7,219.7
298045,298,49.2344809,49,14,4.13124,-121.8984191,-121,-53,-54.30876,336.848,8.662,9.669064748,1.247002398,1.889688249,0.197018104,0.631522897,0.340788072,223.7,222.7
299008,299,49.234426,49,14,3.9336,-121.8984966,-121,-53,-54.58776,336.812,8.3,9.242206235,1.194244604,1.846522782,0.264110756,0.05857295,0.195953142,227,228
300052,300,49.2343565,49,14,3.6834,-121.8985554,-121,-53,-54.79944,335.755,8.313,9.347721823,0.127098321,4.561151079,-0.047923323,0.173588924,0.055378062,217.1,214.1
301015,301,49.2342935,49,14,3.4566,-121.8985944,-121,-53,-54.93984,335.438,8.112,8.851318945,-0.290167866,2.817745803,0.320553781,0.008519702,0.370607029,226.7,225.7
302005,302,49.2342348,49,14,3.24528,-121.8986382,-121,-53,-55.09752,334.508,7.342,9.227817746,1.537170264,4.364508393,-1.02342918,-0.520766773,-0.430244941,222.8,225.8
303050,303,49.2341783,49,14,3.04188,-121.89868,-121,-53,-55.248,333.677,6.601,8.374100719,1.03117506,2.971223022,1.963791267,2.233226837,-0.305644302,223.1,225.1
304013,304,49.2341293,49,14,2.86548,-121.8987037,-121,-53,-55.33332,332.355,6.015,6.39088729,1.899280576,-10.98321343,0.271565495,0.022364217,0.067092652,216.6,214.6
305057,305,49.2340708,49,14,2.65488,-121.8987256,-121,-53,-55.41216,329.998,6.486,8.42206235,-0.64028777,3.366906475,-0.056443024,0.053248136,-0.069222577,214.2,217.2
306020,306,49.2340149,49,14,2.45364,-121.8987525,-121,-53,-55.509,326.827,7.144,9.206235012,-0.527577938,1.292565947,0.074547391,-0.104366347,0.183173589,226.8,224.8
307010,307,49.2339525,49,14,2.229,-121.898805,-121,-53,-55.698,323.359,8.156,10.68345324,0.659472422,4.083932854,-0.139510117,-0.211927583,-0.157614483,218,221
308000,308,49.2338908,49,14,2.00688,-121.8988724,-121,-53,-55.94064,320.658,8.496,10.04556355,2.532374101,2.520383693,-0.083067093,0.012779553,0.048988285,227.3,230.3
309018,309,49.2338328,49,14,1.79808,-121.8989369,-121,-53,-56.17284,317.99,7.342,8.940047962,2.167865707,1.103117506,0.025559105,-0.039403621,-0.041533546,215,212
310004,310,49.2337763,49,14,1.59468,-121.8989785,-121,-53,-56.3226,315.112,6.822,8.446043165,1.06235012,4.033573141,0.085197018,0.048988285,0.068157614,218.4,221.4
311025,311,49.2337163,49,14,1.37868,-121.8990125,-121,-53,-56.445,311.897,7.123,9.069544365,-0.199040767,2.167865707,-0.038338658,0.027689031,-0.071352503,218.7,221.7
312015,312,49.2336565,49,14,1.1634,-121.8990554,-121,-53,-56.59944,308.134,7.543,9.573141487,-0.033573141,2.630695444,-0.142705005,-0.109691161,0.018104366,219.4,221.4
313005,313,49.2335894,49,14,0.92184,-121.8991174,-121,-53,-56.82264,304.568,8.824,9.81294964,0.122302158,3.141486811,0.138445154,-0.029818956,0.009584665,219,217
314023,314,49.2335172,49,14,0.66192,-121.8991857,-121,-53,-57.06852,301.494,9.088,10.46282974,0.784172662,3.223021583,-0.096911608,0.015974441,-0.108626198,214.1,213.1
315009,315,49.2334467,49,14,0.40812,-121.8992461,-121,-53,-57.28596,299.43,8.966,9.26618705,2.206235012,2.465227818,0.102236422,0.024494143,0.182108626,226.9,225.9
316030,316,49.2333772,49,14,0.15792,-121.8993033,-121,-53,-57.49188,296.98,8.893,9.647482014,1.143884892,2.90647482,-0.003194888,0.209797657,0.286474973,216.1,216.1
317020,317,49.2333049,49,13,59.89764,-121.8993618,-121,-53,-57.70248,295.136,9.201,9.179856115,-1.304556355,2.302158273,-0.012779553,-0.040468584,-0.076677316,220,220
318010,318,49.2332335,49,13,59.6406,-121.8994328,-121,-53,-57.95808,293.429,9.619,10.26139089,0.242206235,4.055155875,-0.332268371,-0.062832801,-0.073482428,216.5,213.5
319000,319,49.2331621,49,13,59.38356,-121.8995194,-121,-53,-58.26984,292.708,10.536,10.57314149,0.206235012,4.470023981,0.207667732,-0.059637913,0.069222577,222.9,220.9
320018,320,49.2330875,49,13,59.115,-121.8996128,-121,-53,-58.60608,293.261,10.22,10.48920863,0.021582734,3.340527578,0.36315229,0.040468584,0.142705005,220,221
321004,321,49.2330178,49,13,58.86408,-121.8996769,-121,-53,-58.83684,293.922,8.982,8.160671463,1.175059952,2.856115108,-0.288604899,-0.091586794,0.025559105,222.6,219.6
322025,322,49.2329562,49,13,58.64232,-121.8997115,-121,-53,-58.9614,294.48,7.43,9.448441247,0.470023981,3.354916067,-0.48455804,0.428115016,-0.118210863,219.3,217.3
323015,323,49.2328973,49,13,58.43028,-121.8997338,-121,-53,-59.04168,295.467,6.824,7.412470024,-2.213429257,5.407673861,1.139510117,-0.171458999,0.5314164,218.8,221.8
324005,324,49.2328394,49,13,58.22184,-121.8997544,-121,-53,-59.11584,295.263,6.708,7.923261391,-1.023980815,2.90647482,-1.048988285,0.015974441,-0.274760383,221.4,222.4
325023,325,49.2327743,49,13,57.98748,-121.8997951,-121,-53,-59.26236,294.615,7.695,9.848920863,-1.323741007,3.239808153,0.615548456,-0.162939297,0.212992545,224.8,221.8
326009,326,49.2327085,49,13,57.7506,-121.8998648,-121,-53,-59.51328,294.585,9.157,11.33573141,-0.944844125,3.395683453,0.036208733,0.008519702,-0.110756124,218.2,217.2
327030,327,49.2326524,49,13,57.54864,-121.8999386,-121,-53,-59.77896,295.915,8.084,9.172661871,0.952038369,3.292565947,0.205537806,0.240681576,-0.050053248,225,222
328020,328,49.2326041,49,13,57.37476,-121.8999978,-121,-53,-59.99208,296.908,6.601,8.448441247,0.167865707,2.613908873,0.038338658,0.018104366,-0.091586794,214.7,215.7
329010,329,49.2325549,49,13,57.19764,-121.9000409,-121,-54,-0.14724,297.264,6.22,8.163069544,1.597122302,1.923261391,0.054313099,0.054313099,0.195953142,224.2,223.2
330028,330,49.2325003,49,13,57.00108,-121.9000802,-121,-54,-0.28872,296.438,6.493,9.479616307,-0.23501199,3.498800959,-0.211927583,-0.130990415,-0.024494143,213.4,212.4
331014,331,49.2324451,49,13,56.80236,-121.9001297,-121,-54,-0.46692,295.733,7.104,9.822541966,-2.033573141,4.827338129,-0.204472843,0.121405751,-0.273695421,214.6,217.6
332035,332,49.2323957,49,13,56.62452,-121.9002022,-121,-54,-0.72792,295.355,7.832,9.75059952,-0.184652278,3.110311751,0.414270501,-0.009584665,0.380191693,223,225
333025,333,49.2323516,49,13,56.46576,-121.9002876,-121,-54,-1.03536,295.028,8.11,9.669064748,1.611510791,4.047961631,0.005324814,-0.107561235,-0.214057508,225.8,223.8
334043,334,49.2323107,49,13,56.31852,-121.9003693,-121,-54,-1.32948,293.854,7.102,9.230215827,1.275779376,1.287769784,-1.49627263,0.276890309,-0.125665602,217.1,218.1
335005,335,49.2322683,49,13,56.16588,-121.9004211,-121,-54,-1.51596,292.912,5.802,8.446043165,0.414868106,2.654676259,-0.286474973,-0.015974441,-0.284345048,233.3,232.3
336019,336,49.2322197,49,13,55.99092,-121.9004594,-121,-54,-1.65384,291.413,5.997,8.613908873,-2.153477218,2.489208633,0.369542066,0.221512247,0.085197018,256.4,259.4
337040,337,49.232171,49,13,55.8156,-121.9005044,-121,-54,-1.81584,289.828,6.44,9.002398082,-0.213429257,2.201438849,-0.909478168,-0.100106496,-0.167199148,258,261
338030,338,49.2321248,49,13,55.64928,-121.9005691,-121,-54,-2.04876,288.058,7.293,9.371702638,-1.369304556,3.553956835,1.32800852,-0.580404686,0.716719915,255.9,253.9
339048,339,49.2320888,49,13,55.51968,-121.9006744,-121,-54,-2.42784,286.339,8.459,10.6498801,-0.661870504,2.980815348,-0.182108626,0.422790202,0.182108626,238.5,241.5
340010,340,49.2320746,49,13,55.46856,-121.9007917,-121,-54,-2.85012,284.611,8.726,7.860911271,-3.225419664,4.364508393,0.522896699,-0.238551651,-0.009584665,232.7,233.7
341024,341,49.2320693,49,13,55.44948,-121.9008992,-121,-54,-3.23712,283.054,7.72,7.729016787,-1.717026379,3.508393285,0.595314164,-0.21086262,0.100106496,224.6,226.6
342045,342,49.2320524,49,13,55.38864,-121.9009894,-121,-54,-3.56184,279.935,6.399,8.443645084,-3.09352518,0.03117506,0.014909478,-0.265175719,0.015974441,208.6,210.6
343035,343,49.2320059,49,13,55.22124,-121.901048,-121,-54,-3.7728,275.664,6.314,10.82494005,-3.095923261,0.381294964,-0.038338658,0.10543131,0.136315229,202.6,203.6
344001,344,49.2319325,49,13,54.957,-121.9010652,-121,-54,-3.83472,271.788,7.905,11.58273381,-2.110311751,1.340527578,-0.109691161,0.481363152,-0.378061768,191.3,193.3
345039,345,49.2318418,49,13,54.63048,-121.9010453,-121,-54,-3.76308,269.244,9.38,9.134292566,1.846522782,3.510791367,0.238551651,0.069222577,0.007454739,182.6,182.6
346005,346,49.2317745,49,13,54.3882,-121.9009934,-121,-54,-3.57624,267.431,8.78,6.666666667,1.630695444,6.841726619,0.308839191,-0.084132055,-0.08200213,168.4,168.4
347050,347,49.2317143,49,13,54.17148,-121.9009128,-121,-54,-3.28608,265.043,8.578,8.482014388,1.386091127,2.966426859,0.087326944,-0.002129925,-0.183173589,181.5,182.5
348040,348,49.2316669,49,13,54.00084,-121.9008148,-121,-54,-2.93328,262.041,8.958,8.949640288,0.805755396,1.443645084,-0.162939297,0.086261981,-0.136315229,173.3,173.3
349006,349,49.2316137,49,13,53.80932,-121.9007148,-121,-54,-2.57328,259.303,9.492,9.786570743,0.544364508,2.450839329,-0.618743344,-0.029818956,-0.018104366,182.8,182.8
350020,350,49.2315494,49,13,53.57784,-121.9006161,-121,-54,-2.21796,256.413,9.578,9.834532374,1.1558753,3.105515588,-2.133120341,-0.357827476,-1.120340788,182.2,183.2
351034,351,49.2314832,49,13,53.33952,-121.9005309,-121,-54,-1.91124,254.253,9.503,9.549160671,-3.374100719,4.659472422,0.038338658,-0.042598509,0.12886049,179.9,180.9
352000,352,49.2314221,49,13,53.11956,-121.9004642,-121,-54,-1.67112,252.109,8.839,7.925659472,4.800959233,4.856115108,1.010649627,0.224707135,0.592119276,188.1,190.1
353045,353,49.2313545,49,13,52.8762,-121.9003993,-121,-54,-1.43748,250.01,8.199,9.131894484,1.357314149,0.201438849,0.073482428,0.134185304,0.243876464,202.4,200.4
354011,354,49.2312859,49,13,52.62924,-121.9003604,-121,-54,-1.29744,248.149,7.868,9.117505995,-1.023980815,2.32853717,0.029818956,0.043663472,0.100106496,193.8,193.8
355025,355,49.2312082,49,13,52.34952,-121.9003543,-121,-54,-1.27548,246.134,7.989,9.299760192,-1.354916067,3.705035971,-0.217252396,-0.018104366,-0.071352503,200.3,201.3
356039,356,49.2311312,49,13,52.07232,-121.9003682,-121,-54,-1.32552,243.951,8.441,9.649880096,0.402877698,2.985611511,0.067092652,-0.104366347,-0.056443024,202.5,199.5
357005,357,49.2310531,49,13,51.79116,-121.9003802,-121,-54,-1.36872,242.426,9.076,9.793764988,1.549160671,4.160671463,0.003194888,-0.026624068,0.014909478,191,193
358050,358,49.2309682,49,13,51.48552,-121.9003812,-121,-54,-1.37232,240.329,8.948,9.525179856,1.800959233,4.103117506,0.106496273,-0.017039404,0.037273695,194.7,195.7
359040,359,49.2308923,49,13,51.21228,-121.9003729,-121,-54,-1.34244,238.765,8.436,8.537170264,0.151079137,3.191846523,-0.428115016,-0.17571885,-0.17571885,197.3,197.3
360006,360,49.2308193,49,13,50.94948,-121.9003797,-121,-54,-1.36692,237.048,8.237,9.273381295,-0.824940048,4.023980815,0.130990415,0.218317359,0.056443024,193,196
361044,361,49.2307455,49,13,50.6838,-121.9004055,-121,-54,-1.4598,235.349,8.083,9.074340528,1.829736211,4.285371703,-0.158679446,-0.136315229,-0.037273695,194.9,191.9
362010,362,49.2306819,49,13,50.45484,-121.9004405,-121,-54,-1.5858,233.507,8.02,8.896882494,2.434052758,3.24940048,-0.055378062,-0.077742279,0.111821086,198.1,195.1
363000,363,49.2306092,49,13,50.19312,-121.9004701,-121,-54,-1.69236,232.027,8.198,9,3.798561151,3.529976019,-0.089456869,0.028753994,-0.09371672,197,198
364045,364,49.2305335,49,13,49.9206,-121.9004842,-121,-54,-1.74312,229.957,8.169,8.477218225,1.532374101,3.429256595,-0.05857295,-0.027689031,0.119275825,189.5,189.5
365011,365,49.2304597,49,13,49.65492,-121.9004883,-121,-54,-1.75788,228.154,8.21,9.693045564,1.088729017,3.503597122,-0.405750799,-0.078807242,-0.385516507,191.5,193.5
366049,366,49.2303799,49,13,49.36764,-121.9004974,-121,-54,-1.79064,226.16,8.431,8.988009592,0.529976019,4.131894484,-0.522896699,-0.109691161,0.076677316,192.7,193.7
367015,367,49.2303085,49,13,49.1106,-121.9005103,-121,-54,-1.83708,224.578,8.467,9.477218225,1.997601918,4.182254197,-0.002129925,-0.062832801,-0.389776358,190.1,192.1
368005,368,49.230237,49,13,48.8532,-121.9005221,-121,-54,-1.87956,223.19,7.906,8.724220624,1.705035971,3.800959233,0.048988285,0.225772098,0.07028754,198.2,201.2
369050,369,49.2301649,49,13,48.59364,-121.9005326,-121,-54,-1.91736,221.902,7.458,8.232613909,2.383693046,3.529976019,-0.112886049,0.003194888,-0.062832801,199.5,202.5
370016,370,49.2300976,49,13,48.35136,-121.9005492,-121,-54,-1.97712,220.471,7.473,8.549160671,2.352517986,4.419664269,-0.190628328,-0.233226837,0.096911608,195.9,195.9
371054,371,49.230031,49,13,48.1116,-121.9005817,-121,-54,-2.09412,218.106,7.485,8.736211031,1.074340528,2.755395683,-0.073482428,-0.170394036,-0.053248136,189.6,188.6
372020,372,49.2299702,49,13,47.89272,-121.9006198,-121,-54,-2.23128,216.053,7.977,9.985611511,-1.755395683,0.39088729,0.277955272,-0.071352503,0.198083067,191.3,189.3
373010,373,49.2299011,49,13,47.64396,-121.9006672,-121,-54,-2.40192,214.172,8.546,8.597122302,2.263788969,4.172661871,-0.192758253,-0.116080937,-0.047923323,200.5,201.5
374000,374,49.2298321,49,13,47.39556,-121.9007125,-121,-54,-2.565,212.045,8.477,9.148681055,2.213429257,3.460431655,0.129925453,0.266240682,0.095846645,198.1,201.1
375021,375,49.2297587,49,13,47.13132,-121.9007541,-121,-54,-2.71476,209.77,8.16,8.527577938,2.007194245,4.496402878,0.020234292,-0.027689031,0.013844515,198.5,195.5
376001,376,49.2296879,49,13,46.87644,-121.9007908,-121,-54,-2.84688,207.785,8.371,8.848920863,1.976019185,4.105515588,-0.169329073,-0.120340788,0.119275825,196.2,194.2
377025,377,49.2296214,49,13,46.63704,-121.9008271,-121,-54,-2.97756,205.829,7.804,9.544364508,0.455635492,4.338129496,-0.010649627,-0.064962726,-0.125665602,200.3,201.3
378015,378,49.2295575,49,13,46.407,-121.900864,-121,-54,-3.1104,203.947,7.543,10.09352518,-0.151079137,2.976019185,0.288604899,-0.184238552,0.455804047,200.8,198.8
379005,379,49.2294949,49,13,46.18164,-121.9008959,-121,-54,-3.22524,201.848,7.394,9.160671463,3.565947242,2.64028777,-1.259850905,0.095846645,-0.78913738,189.3,188.3
380026,380,49.2294291,49,13,45.94476,-121.9009205,-121,-54,-3.3138,199.772,7.403,8.784172662,-0.841726619,3.928057554,-0.637912673,-0.050053248,-0.168264111,206.7,207.7
381006,381,49.2293668,49,13,45.72048,-121.9009459,-121,-54,-3.40524,197.336,7.26,9.477218225,1.110311751,3.551558753,-0.033013845,-0.205537806,-0.118210863,210.5,207.5
382030,382,49.2293023,49,13,45.48828,-121.90098,-121,-54,-3.528,195.524,7.892,9.448441247,1.458033573,2.136690647,0.535676251,0.039403621,0.376996805,226.3,226.3
383020,383,49.2292391,49,13,45.26076,-121.9010224,-121,-54,-3.68064,194.181,7.5,9.71942446,-1.997601918,2.707434053,-0.119275825,0.062832801,-0.107561235,227.8,229.8
384041,384,49.2291877,49,13,45.07572,-121.9010863,-121,-54,-3.91068,192.976,7.2,8.441247002,-0.587529976,3.529976019,0.015974441,-0.067092652,0.116080937,227.4,229.4
385000,385,49.2291454,49,13,44.92344,-121.9011648,-121,-54,-4.19328,191.211,7.721,9.426858513,-0.18705036,2.985611511,0.07028754,-0.139510117,0.174653887,217.3,216.3
386011,386,49.2291076,49,13,44.78736,-121.9012459,-121,-54,-4.48524,189.144,7.438,9.472422062,1.417266187,1.976019185,0.087326944,-0.04685836,0.084132055,227,224
387035,387,49.2290603,49,13,44.61708,-121.9013204,-121,-54,-4.75344,187.298,7.911,9.165467626,1.678657074,3.107913669,-0.886048988,-0.154419595,-0.206602769,223.7,222.7
388025,388,49.2290044,49,13,44.41584,-121.9013876,-121,-54,-4.99536,185.325,8.276,9.928057554,0.772182254,3.278177458,0.71884984,-0.253461129,0.471778488,223.9,226.9
389015,389,49.2289489,49,13,44.21604,-121.9014466,-121,-54,-5.20776,184.258,7.947,8.613908873,-0.335731415,3.820143885,-0.57827476,-0.033013845,-0.064962726,219.4,222.4
390036,390,49.2288949,49,13,44.02164,-121.9015069,-121,-54,-5.42484,183.015,7.344,8.90647482,0.8441247,3.151079137,0.232161874,-0.030883919,0.045793397,226.9,229.9
391016,391,49.2288495,49,13,43.8582,-121.9015657,-121,-54,-5.63652,181.328,6.999,8.944844125,0.069544365,2.709832134,-0.028753994,0.004259851,-0.094781683,232.3,232.3
392040,392,49.2288018,49,13,43.68648,-121.9016293,-121,-54,-5.86548,179.449,7.435,8.904076739,2.839328537,2.755395683,0.417465389,-0.097976571,0.252396166,220.2,217.2
393030,393,49.2287449,49,13,43.48164,-121.9016911,-121,-54,-6.08796,177.58,7.952,9.666666667,1.247002398,4.009592326,0.414270501,0.019169329,0.003194888,224.1,223.1
394020,394,49.2286844,49,13,43.26384,-121.901757,-121,-54,-6.3252,175.949,8.47,10.50119904,1.371702638,2.784172662,0.037273695,-0.020234292,0.048988285,225.9,227.9
395041,395,49.2286204,49,13,43.03344,-121.9018264,-121,-54,-6.57504,174.913,8.31,9.302158273,2.079136691,3.87529976,0.071352503,0.067092652,0.26943557,248.7,249.7
396021,396,49.2285702,49,13,42.85272,-121.9018864,-121,-54,-6.79104,174.438,7.082,8.282973621,0.131894484,2.278177458,-0.238551651,0.25772098,0.079872204,262,259
397045,397,49.2285254,49,13,42.69144,-121.9019372,-121,-54,-6.97392,172.837,6.137,6.467625899,-6.400479616,6.470023981,0.356762513,-0.277955272,0.184238552,282,281
398035,398,49.2284835,49,13,42.5406,-121.9019867,-121,-54,-7.15212,170.703,5.832,6.81294964,-3.532374101,4.263788969,0.323748669,-0.075612354,0.239616613,288,291
399025,399,49.2284387,49,13,42.37932,-121.9020168,-121,-54,-7.26048,167.389,5.53,8.853717026,-4.635491607,1.748201439,0.076677316,-0.09371672,0.100106496,313.7,312.7
400046,400,49.2283744,49,13,42.14784,-121.902009,-121,-54,-7.2324,163.515,7.108,9.904076739,-4.431654676,-0.134292566,-0.101171459,-0.1171459,-0.156549521,335.5,334.5
401026,401,49.2283029,49,13,41.89044,-121.9019453,-121,-54,-7.00308,158.912,9.737,12.07673861,-0.388489209,1.287769784,0.063897764,-0.027689031,-0.094781683,8.1,5.1
402050,402,49.2282427,49,13,41.67372,-121.9018151,-121,-54,-6.53436,155.02,12.145,11.70023981,0.947242206,1.055155875,0.510117146,-0.167199148,0.019169329,14,16
403040,403,49.2282278,49,13,41.62008,-121.9016411,-121,-54,-5.90796,151.5,13.079,11.14148681,2.623501199,3.436450839,-0.392971246,0.165069223,-0.42172524,48.5,48.5
404030,404,49.2282581,49,13,41.72916,-121.901464,-121,-54,-5.2704,149.777,12.853,10.74820144,2.086330935,4.050359712,-0.068157614,-0.055378062,-0.048988285,54,52
405051,405,49.2283194,49,13,41.94984,-121.9013048,-121,-54,-4.69728,149.813,12.144,9.73381295,-0.086330935,2.743405276,-0.251331203,0.073482428,0.009584665,72.3,71.3
406031,406,49.228373,49,13,42.1428,-121.9011784,-121,-54,-4.24224,148.949,10.982,7.57793765,3.477218225,3.462829736,-0.290734824,0,-0.027689031,79,78
407000,407,49.2284129,49,13,42.28644,-121.9010564,-121,-54,-3.80304,147.024,10.738,7.791366906,3.208633094,0.752997602,0.02342918,-0.133120341,-0.136315229,93.3,93.3
408045,408,49.2284384,49,13,42.37824,-121.9009118,-121,-54,-3.28248,143.846,10.603,7.561151079,6.683453237,5.966426859,-0.188498403,-0.111821086,-0.137380192,98.8,98.8
409035,409,49.2284467,49,13,42.40812,-121.9007602,-121,-54,-2.73672,140.903,11.279,9.410071942,3.568345324,3.477218225,0.103301384,-0.218317359,0.158679446,110.4,110.4
410004,410,49.2284306,49,13,42.35016,-121.9006103,-121,-54,-2.19708,138.623,11.034,9.820143885,4.055155875,1.494004796,-0.338658147,-0.18743344,-0.230031949,128.8,129.8
411036,411,49.2283778,49,13,42.16008,-121.9004609,-121,-54,-1.65924,137.519,11.5,11.24940048,-1.040767386,1.402877698,-0.018104366,-0.094781683,0.126730564,175.2,176.2
412005,412,49.2283027,49,13,41.88972,-121.9003763,-121,-54,-1.35468,136.099,10.292,10.82254197,-1.527577938,2.51558753,-0.469648562,0.116080937,-0.037273695,176.3,177.3
413050,413,49.2282059,49,13,41.54124,-121.9003477,-121,-54,-1.25172,135.083,9.669,10.46522782,-1.143884892,3.527577938,0.160809372,0.155484558,0.285410011,192.4,194.4
414040,414,49.2281215,49,13,41.2374,-121.9003641,-121,-54,-1.31076,134.47,9.198,9.434052758,0.474820144,3.904076739,0.378061768,0.040468584,0.097976571,197.1,199.1
415009,415,49.2280466,49,13,40.96776,-121.9003888,-121,-54,-1.39968,133.54,8.29,8.184652278,1.623501199,-0.741007194,-0.401490948,0.019169329,-0.085197018,196.9,193.9
416041,416,49.2279695,49,13,40.6902,-121.9003951,-121,-54,-1.42236,131.173,8.002,9.292565947,1.426858513,1.196642686,-0.17571885,0.102236422,-0.243876464,190.4,191.4
417010,417,49.2278973,49,13,40.43028,-121.9003818,-121,-54,-1.37448,128.851,8.333,9.261390887,1.947242206,2.316546763,0.241746539,0.076677316,0.263045793,175,175
418000,418,49.2278175,49,13,40.143,-121.9003587,-121,-54,-1.29132,126.29,8.956,9.556354916,0.299760192,1.645083933,-0.208732694,0.154419595,-0.009584665,167.2,165.2
419045,419,49.2277305,49,13,39.8298,-121.9003413,-121,-54,-1.22868,123.493,9.124,9.846522782,0.146282974,4.21822542,0.236421725,-0.002129925,0.183173589,166.8,165.8
420014,420,49.2276452,49,13,39.52272,-121.9003403,-121,-54,-1.22508,121.098,9.361,10.04556355,-0.990407674,3.458033573,1.009584665,-0.253461129,0.282215122,162.9,163.9
421046,421,49.227556,49,13,39.2016,-121.9003256,-121,-54,-1.17216,118.848,9.184,9.239808153,1.508393285,3.23501199,0.087326944,-0.125665602,-0.034078807,148.4,150.4
422015,422,49.2274773,49,13,38.91828,-121.9002851,-121,-54,-1.02636,116.314,9.854,9.73381295,-0.482014388,2.458033573,0.099041534,-0.030883919,0.104366347,137.8,136.8
423005,423,49.2273943,49,13,38.61948,-121.9002169,-121,-54,-0.78084,114.123,10.545,9.700239808,-0.067146283,2.613908873,0.021299255,-0.134185304,-0.111821086,126.2,128.2
424050,424,49.2273099,49,13,38.31564,-121.900132,-121,-54,-0.4752,112.067,10.417,9.558752998,0.695443645,2.323741007,0.198083067,0.119275825,0.223642173,124.7,122.7
425019,425,49.2272324,49,13,38.03664,-121.900056,-121,-54,-0.2016,110.522,9.864,9.573141487,0.872901679,2.467625899,0.225772098,0.2342918,0.352502662,121.3,120.3
426051,426,49.2271504,49,13,37.74144,-121.8999853,-121,-53,-59.94708,109.017,9.656,9.474820144,-0.604316547,2.534772182,0.087326944,-0.055378062,0.158679446,106.4,108.4
427020,427,49.2270836,49,13,37.50096,-121.8999155,-121,-53,-59.6958,107.225,9.404,9.985611511,-1.258992806,2.544364508,0.195953142,-0.144834931,0.045793397,105,103
428010,428,49.2270149,49,13,37.25364,-121.8998153,-121,-53,-59.33508,105.031,10.617,9.323741007,-0.712230216,0.275779376,-0.04685836,0.027689031,0.22257721,98.8,96.8
429000,429,49.2269671,49,13,37.08156,-121.8996809,-121,-53,-58.85124,101.915,11.585,10.76738609,0.330935252,1.011990408,-0.168264111,-0.151224707,0.076677316,89.8,86.8
430024,430,49.2269356,49,13,36.96816,-121.899508,-121,-53,-58.2288,98.122,12.734,11.00719424,-2.661870504,1.846522782,0.03514377,-0.192758253,0.077742279,73.1,76.1
431056,431,49.2269322,49,13,36.95592,-121.8993198,-121,-53,-57.55128,95.219,13.052,10.77458034,-0.935251799,1.345323741,-0.088391906,-0.08200213,-0.165069223,42.2,44.2
432025,432,49.2269581,49,13,37.04916,-121.8991642,-121,-53,-56.99112,92.988,12.114,9.318944844,0.551558753,1.172661871,-0.651757188,0.317358892,-0.574014909,46.7,44.7
433015,433,49.2270092,49,13,37.23312,-121.8990259,-121,-53,-56.49324,89.862,11.243,8.79616307,2.489208633,3.071942446,-0.240681576,0.022364217,-0.206602769,51,50
434005,434,49.2270989,49,13,37.55604,-121.8989196,-121,-53,-56.11056,88.658,11.792,10.29736211,2.575539568,3.431654676,-0.392971246,-0.148029819,-0.153354633,72,71
435029,435,49.2271975,49,13,37.911,-121.8988144,-121,-53,-55.73184,88.045,12.437,9.407673861,2.050359712,-0.772182254,-0.168264111,-0.148029819,-0.045793397,94.3,93.3
436003,436,49.2272651,49,13,38.15436,-121.8986802,-121,-53,-55.24872,85.436,12.827,9.573141487,0.541966427,-1.29736211,0.12886049,-0.17571885,-0.087326944,100.3,98.3
437030,437,49.2273012,49,13,38.28432,-121.8985027,-121,-53,-54.60972,81.784,14.218,12.45563549,1.832134293,0.338129496,-0.408945687,-0.221512247,-0.238551651,127.9,129.9
438020,438,49.2272922,49,13,38.25192,-121.8983128,-121,-53,-53.92608,79.89,13.768,12.02398082,-0.326139089,3.613908873,1.019169329,0.244941427,0.50798722,109.9,112.9
439010,439,49.2272489,49,13,38.09604,-121.8981423,-121,-53,-53.31228,79.673,12.632,10.13429257,-1.1558753,3.227817746,0.233226837,0.04685836,0.549520767,112.2,115.2
440000,440,49.227202,49,13,37.9272,-121.8980095,-121,-53,-52.8342,80.667,10.421,8.520383693,-1.772182254,1.107913669,-0.194888179,0.036208733,-0.153354633,110.1,107.1
441044,441,49.2271507,49,13,37.74252,-121.8978927,-121,-53,-52.41372,79.907,9.751,8.486810552,0.832134293,0.136690647,0.063897764,-0.100106496,0.138445154,100.8,99.8
442035,442,49.2271025,49,13,37.569,-121.8977746,-121,-53,-51.98856,77.827,10.496,9.633093525,1.354916067,-0.244604317,-0.061767838,-0.022364217,0.08200213,93.3,94.3
443025,443,49.2270565,49,13,37.4034,-121.8976293,-121,-53,-51.46548,75.339,12.107,11.38129496,-0.347721823,1.911270983,-0.239616613,-0.076677316,0.01171459,94.4,97.4
444015,444,49.2270063,49,13,37.22268,-121.8974712,-121,-53,-50.89632,73.714,12.803,10.27338129,-1.059952038,4.18705036,0.308839191,-0.007454739,0.394036209,104,101
445039,445,49.2269507,49,13,37.02252,-121.8973081,-121,-53,-50.30916,74.03,12.41,9.976019185,-0.800959233,3.242206235,0.09371672,0.071352503,-0.036208733,100.6,103.6
446013,446,49.2268982,49,13,36.83352,-121.8971737,-121,-53,-49.82532,75.411,11.245,8.70263789,0.381294964,1.345323741,-0.273695421,0.106496273,0.021299255,89.9,91.9
447040,447,49.2268489,49,13,36.65604,-121.8970528,-121,-53,-49.39008,75.292,10.382,8.628297362,0.143884892,1.628297362,0.179978701,-0.104366347,0.047923323,95.1,95.1
448030,448,49.2268118,49,13,36.52248,-121.8969275,-121,-53,-48.939,74.273,10.331,8.681055156,-1.601918465,1.827338129,0.033013845,-0.14057508,-0.095846645,91.4,94.4
449020,449,49.2267875,49,13,36.435,-121.8967843,-121,-53,-48.42348,72.635,11.265,9.549160671,-1.146282974,1.139088729,-0.003194888,-0.053248136,0.071352503,89.2,86.2
450044,450,49.2267728,49,13,36.38208,-121.8966083,-121,-53,-47.78988,70.881,12.427,10.48920863,-1.834532374,2.374100719,-0.19914803,-0.143769968,-0.185303514,85.6,87.6
451018,451,49.2267744,49,13,36.38784,-121.8964378,-121,-53,-47.17608,69.591,12.489,10.43884892,1.479616307,2.335731415,0.218317359,0.005324814,-0.017039404,90.9,93.9
452045,452,49.2267789,49,13,36.40404,-121.8962765,-121,-53,-46.5954,69.002,11.745,9.232613909,0.131894484,2.189448441,-0.232161874,0.017039404,-0.236421725,98,98
453035,453,49.2267816,49,13,36.41376,-121.8961263,-121,-53,-46.05468,68.278,10.98,8.611510791,-0.163069544,1.561151079,-0.024494143,-0.134185304,-0.088391906,94,95
454025,454,49.2267811,49,13,36.41196,-121.8959753,-121,-53,-45.51108,65.843,11.414,9.163069544,0.177458034,2.29736211,-0.568690096,-0.063897764,-0.151224707,89.8,89.8
455049,455,49.2267815,49,13,36.4134,-121.8957999,-121,-53,-44.87964,63.001,12.661,9.868105516,0.752997602,2.520383693,-0.008519702,-0.101171459,-0.12886049,96.1,95.1
456023,456,49.226786,49,13,36.4296,-121.8956219,-121,-53,-44.23884,61.099,13.214,10.92326139,0.026378897,2.304556355,0.375931842,0.072417465,-0.006389776,93,90
457050,457,49.2267933,49,13,36.45588,-121.8954437,-121,-53,-43.59732,59.972,13.001,10.03357314,1.952038369,2.165467626,0.060702875,-0.021299255,0.104366347,97.4,97.4
458040,458,49.2268078,49,13,36.50808,-121.8952767,-121,-53,-42.99612,59.932,11.978,9.705035971,1.70263789,1.417266187,0.432374867,0.05857295,0.501597444,83,80
459030,459,49.2268224,49,13,36.56064,-121.8951237,-121,-53,-42.44532,59.537,11.037,9.23501199,0.522781775,2.251798561,0.039403621,0.202342918,0.2342918,95.7,92.7
460002,460,49.2268398,49,13,36.62328,-121.8949839,-121,-53,-41.94204,58.733,10.296,6.21822542,-5.028776978,4.585131894,0.36315229,-0.288604899,0.113951012,101.2,98.2
461028,461,49.2268603,49,13,36.69708,-121.8948342,-121,-53,-41.40312,58.218,10.698,8.517985612,-4.153477218,3.693045564,-0.340788072,-0.280085197,-0.331203408,124.6,123.6
462000,462,49.2268766,49,13,36.75576,-121.8947071,-121,-53,-40.94556,57.069,9.807,8.035971223,-3.354916067,0.383693046,0.5314164,-0.007454739,0.465388711,148.6,147.6
463045,463,49.2269356,49,13,36.96816,-121.8945862,-121,-53,-40.51032,55.247,10.276,10.70983213,0.637889688,1.450839329,1.112886049,-0.270500532,0.094781683,167.4,167.4
464035,464,49.227016,49,13,37.2576,-121.8945224,-121,-53,-40.28064,53.259,9.757,11.64748201,0.561151079,1.901678657,-0.378061768,-0.102236422,-0.040468584,195,195
465025,465,49.2271139,49,13,37.61004,-121.8944978,-121,-53,-40.19208,51.768,10.806,11.25179856,1.258992806,2.227817746,0.184238552,0.637912673,0.228966986,217,218
466014,466,49.2272063,49,13,37.94268,-121.8945002,-121,-53,-40.20072,51.447,10.111,5.827338129,-5.016786571,4.011990408,0.169329073,-0.057507987,0.170394036,219,221
467005,467,49.2272909,49,13,38.24724,-121.8945012,-121,-53,-40.20432,50.083,9.526,7.170263789,-4.067146283,4.966426859,-0.286474973,-0.156549521,-0.563365282,232,235
468050,468,49.2273673,49,13,38.52228,-121.8945108,-121,-53,-40.23888,49.025,8.394,7.666666667,0.014388489,-2.071942446,0.477103301,0.435569755,0.465388711,243,244
469040,469,49.2274332,49,13,38.75952,-121.8945547,-121,-53,-40.39692,46.335,8.424,10.34292566,1.09352518,1.29736211,0.055378062,-0.124600639,0.047923323,255.7,257.7
470012,470,49.2274809,49,13,38.93124,-121.8946571,-121,-53,-40.76556,43.2,9.712,12.38369305,-1.868105516,-0.690647482,-0.099041534,-0.094781683,-0.099041534,272.3,269.3
471038,471,49.2275148,49,13,39.05328,-121.8948013,-121,-53,-41.28468,41.841,10.527,12.19664269,-1.378896882,0.887290168,-0.25772098,-0.221512247,-0.342917998,267.3,270.3
472010,472,49.2275216,49,13,39.07776,-121.8949288,-121,-53,-41.74368,42.247,9.175,10.50839329,0.616306954,2.517985612,0.111821086,0.637912673,-0.028753994,261.6,261.6
473000,473,49.2275015,49,13,39.0054,-121.8950232,-121,-53,-42.08352,41.881,6.846,7.657074341,2.90647482,4.868105516,0.25772098,0.017039404,-0.330138445,268.4,267.4
474045,474,49.2274539,49,13,38.83404,-121.8950854,-121,-53,-42.30744,40.721,6.616,9.321342926,4.995203837,4.48441247,-0.330138445,0.384451544,0.009584665,267,270
475017,475,49.2274121,49,13,38.68356,-121.8951283,-121,-53,-42.46188,39.422,5.473,7.827338129,-0.458033573,-1.127098321,-0.141640043,0.209797657,0.097976571,261.6,260.6
476043,476,49.2273971,49,13,38.62956,-121.8952075,-121,-53,-42.747,35.902,6.38,11.35971223,-0.069544365,-0.047961631,0.142705005,1.357827476,0.485623003,257.1,257.1
477015,477,49.2274125,49,13,38.685,-121.8953123,-121,-53,-43.12428,32.28,8.801,11.1942446,-0.230215827,10.05515588,0.057507987,0.303514377,0.251331203,269.6,272.6
478005,478,49.2274434,49,13,38.79624,-121.895439,-121,-53,-43.5804,30.169,9.729,10.01438849,2.302158273,8.059952038,0.122470714,-0.076677316,-0.209797657,271.9,274.9
479050,479,49.2274641,49,13,38.87076,-121.8955664,-121,-53,-44.03904,29.068,8.772,9.278177458,0.779376499,3.985611511,0.07028754,0.293929712,0.064962726,269,267
480022,480,49.2274727,49,13,38.90172,-121.8956671,-121,-53,-44.40156,27.83,7.175,8.136690647,1.709832134,3.179856115,0.431309904,-0.514376997,-0.561235357,274.1,276.1
481030,481,49.2274923,49,13,38.97228,-121.8957466,-121,-53,-44.68776,26.009,5.493,8.707434053,2.966426859,2.558752998,0.67199148,3.077742279,2.017039404,273.6,272.6
482038,482,49.2275297,49,13,39.10692,-121.8957866,-121,-53,-44.83176,23.484,4.477,-4.882494005,-1.261390887,20.84892086,0.055378062,-0.168264111,0.284345048,266.7,264.7
483010,483,49.2275388,49,13,39.13968,-121.895797,-121,-53,-44.8692,22.945,1.19,9.51558753,-3.28057554,-3.304556355,0.293929712,0.691160809,-1.511182109,277.9,274.9
484000,484,49.227542,49,13,39.1512,-121.8958007,-121,-53,-44.88252,22.374,0.446,3.035971223,-6.592326139,7.657074341,-0.115015974,0.479233227,-0.314164004,289.5,289.5
485027,485,49.2275408,49,13,39.14688,-121.895795,-121,-53,-44.862,22.935,0.548,5.776978417,2.023980815,8.220623501,-0.331203408,-0.072417465,-0.307774228,277.5,274.5
486035,486,49.2275416,49,13,39.14976,-121.8957926,-121,-53,-44.85336,22.08,0.325,1.479616307,2.6882494,9.191846523,0.013844515,0.091586794,0.086261981,277.7,274.7
487043,487,49.2275452,49,13,39.16272,-121.8957966,-121,-53,-44.86776,21.595,0.393,2.261390887,2.666666667,9.064748201,0.028753994,0.01171459,0.195953142,286.3,283.3
488015,488,49.227543,49,13,39.1548,-121.8958009,-121,-53,-44.88324,21.064,0.256,2.431654676,1.736211031,8.810551559,-0.053248136,0,0.013844515,286.4,283.4
489005,489,49.2275355,49,13,39.1278,-121.8958025,-121,-53,-44.889,20.295,0.593,2.011990408,2.575539568,9.335731415,-0.330138445,0.148029819,-0.110756124,268.6,267.6
490032,490,49.2275355,49,13,39.1278,-121.8958077,-121,-53,-44.90772,19.675,0.244,0.892086331,1.146282974,9.402877698,-0.191693291,0.074014909,-0.048455804,263.2,264.2